/*Data for the table `sys_button` */
INSERT  IGNORE `sys_button`(`id`,`code`,`name`,`value`,`rowNo`,`valid`,`creator`,`createTime`,`editor`,`editTime`) VALUES 
('010805d03d6a472b9eaec193065d388c','REVENT','还原','revent',10,1,'admin','2019-07-26 14:44:15','admin','2019-07-26 14:44:15'),
('04080a4a59814b2aab5211fe67d44a4b','DELETE','删除','delete',10,1,'admin','2019-07-26 14:41:50','admin','2019-07-26 14:41:50'),
('0761d73199804c53a65d157ed087dee2','SETTING','设置','setting',10,1,'admin','2019-07-26 14:45:42','admin','2019-07-26 14:45:42'),
('28dbedf5ab6d4b3f91c507a317ad09e9','ARCHIVE','归档','archive',10,1,'admin','2019-07-26 14:50:38','admin','2019-07-26 14:50:38'),
('323607551e6d4c9190e6d081836e972f','DOWNLOAD','下载','download',10,1,'admin','2019-07-26 14:47:26','admin','2019-07-26 14:47:26'),
('3e1c5d9049cd46d999d876a42ac2de59','APPOINT','委派','appoint',10,1,'admin','2019-07-26 14:46:21','admin','2019-07-26 14:46:21'),
('41d5faefad7944da8a20699446e3531d','AUTHORIZE','授权','authorize',10,1,'admin','2019-07-26 14:53:32','admin','2019-07-26 14:53:32'),
('467168dbdeb9441b9da2974938a35cba','MOVE','移动','move',10,1,'admin','2019-07-26 14:48:10','admin','2019-07-26 14:48:10'),
('4766e6970a9c43bea5ebd6f313208d42','UPLOAD','上传','upload',10,1,'admin','2019-07-26 14:47:10','admin','2019-07-26 14:47:10'),
('4d6a34f352a840398f07a17b31c197b4','CHECK','审核','check',10,1,'admin','2019-07-26 14:49:24','admin','2019-07-26 14:49:24'),
('4de48e2ec91f47df84958020524a43d1','PASTE','粘贴','paste',10,1,'admin','2019-07-26 14:49:02','admin','2019-07-26 14:49:02'),
('50428edcebff42ffb23e619197365556','PRINT','打印','print',10,1,'admin','2019-07-26 14:47:44','admin','2019-07-26 14:47:44'),
('5bc96d229d5d46b6b7e374f92bef9627','HANDLE','处理','handle',10,1,'admin','2019-07-26 14:49:50','admin','2019-07-26 14:49:50'),
('5c766496cb0045348f46cf2e36f563c0','EXPORT','导出','export',10,1,'admin','2019-07-26 14:43:04','admin','2019-07-26 14:43:04'),
('5e5989e122474fa2924d5c7eecfb493b','INVALID','作废','invalid',10,1,'admin','2019-07-26 14:54:16','admin','2019-07-26 14:54:16'),
('60707b445cdd433b883be7c80821dbce','ADD','新增','add',10,1,'admin','2019-07-26 14:41:03','admin','2019-07-26 14:41:03'),
('6e9d827acb1a459fb715983e91b29bee','IMPORT','导入','import',10,1,'admin','2019-07-26 14:42:45','admin','2019-07-26 14:42:45'),
('7bcfc8ede71140e782a7dfa0c4a83cfe','COUNT','统计','count',10,1,'admin','2019-07-26 14:46:42','admin','2019-07-26 14:46:42'),
('7f6cd91e492c4375812350257b2b555f','RESET','重置密码','reset',10,1,'admin','2019-07-26 14:52:06','admin','2019-07-26 14:52:06'),
('8c413395b199433e939e8c22d578e56d','SEND','送阅','send',10,1,'admin','2019-07-26 14:43:31','admin','2019-07-26 14:43:31'),
('a5595fdf12f3443fbb86e15f4c4f061c','SEPARATE','分离','separate',10,1,'admin','2019-07-26 14:51:33','admin','2019-07-26 14:51:33'),
('ac18a4b2ddce4a93b984704a13e2d975','CHANGE','变更','change',10,1,'admin','2019-07-26 14:52:41','admin','2019-07-26 14:52:41'),
('b340931a03ed4a38bd3a8cd1b266d196','MERGE','合并','merge',10,1,'admin','2019-07-26 14:40:03','admin','2019-07-26 14:40:03'),
('b980e7c5d30245148636dfbb1b31fe41','CANCEL','撤销','cancel',10,1,'admin','2019-07-26 14:45:13','admin','2019-07-26 14:45:13'),
('d7357131c77e4d63a4c09938258d367e','UPDATE','修改','update',10,1,'admin','2019-07-26 14:41:31','admin','2019-07-26 14:41:31'),
('e539600fdf4a4ffa8e624f1e6d3cd40d','COPY','复制','copy',10,1,'admin','2019-07-26 14:48:35','admin','2019-07-26 14:48:35'),
('f706dda22c9e4678bed918d3a88bb62e','VIEW','浏览','view',10,1,'admin','2019-07-26 14:40:28','admin','2019-07-26 14:40:28');

/*Data for the table `sys_button_resource` */

INSERT  IGNORE `sys_button_resource`(`id`,`menu_button_id`,`path`,`pattern`,`method`,`description`,`creator`,`createTime`,`editor`,`editTime`) values 
('00347b18fa3b43aeb32ce9475f2b012f','1a4590b208eb4d8cb3bfb002ab94f312','/yourname/{version}/message/sapiadmin','/yourname/v[1-9]/message/sapiadmin','GET','刷新消息 作者： 彭晨 日期： 2019年9月9日','admin','2019-10-15 17:35:07','admin','2019-10-15 17:35:07'),
('03c7f34b51d3462095efa9965214fc36','1a4590b208eb4d8cb3bfb002ab94f312','/sys/{version}/message/msgCount','/sys/v[1-9]/message/msgCount','GET','统计消息计数 作者： 彭晨 日期： 2019年9月9日','admin','2019-10-15 17:35:07','admin','2019-10-15 17:35:07'),
('03f0b90dfbd146699569648fe8192246','61f47eb07d214637b6c8b968af932836','/sys/{version}/users/passwords/{id}','/sys/v[1-9]/users/passwords/[a-zA-Z0-9\\-]+$','PUT','重置用户密码  作者 :李凡凡    日期 : 2019-07-17','admin','2019-10-16 14:06:20','admin','2019-10-16 14:06:20'),
('04023194874c4e29baa085b1aa1401d4','a1c159f45c8643e19646c3e95af5c625','/sys/{version}/message/typeList','/sys/v[1-9]/message/typeList','GET','查找消息类型集合 作者： 彭晨 日期： 2019年9月6日','admin','2019-10-11 11:24:43','admin','2019-10-11 11:24:43'),
('05e97bae368842d7b03775b1db97d47b','9e01fe2b3df5404b9fb2b6cf09e576c3','/sys/{version}/users/export','/sys/v[1-9]/users/export','GET','导出用户信息		作者 :李凡凡    日期 : 2019-08-01','admin','2019-10-16 14:06:20','admin','2019-10-16 14:06:20'),
('074c5ad083744b42b9ff79b6a898cecd','d727495810844512a326be6a1e613503','/task/{version}/resources','/task/v[1-9]/resources','GET','获取当前服务所有资源,所有注册中心服务都需要实现同样的接口  作者： 雷阳军 日期： 2019年7月23日','admin','2019-09-24 11:24:01','admin','2019-09-24 11:24:01'),
('086874fe9d654632b0d1f1761d1b5ac2','a1c159f45c8643e19646c3e95af5c625','/sys/{version}/message/msgCount','/sys/v[1-9]/message/msgCount','GET','统计消息计数 作者： 彭晨 日期： 2019年9月9日','admin','2019-10-11 11:24:43','admin','2019-10-11 11:24:43'),
('08e20e164292404fb5c2c709ce84483b','272d7c1f716c4d91b799220606d0cc9b','/sys/{version}/roles/menus/buttons','/sys/v[1-9]/roles/menus/buttons','POST','给角色添加菜单按钮  作者： 彭晨 日期： 2019年7月24日','admin','2019-09-24 11:21:55','admin','2019-09-24 11:21:55'),
('0d0e6544ac7c4c45bea39d97cf03a4f4','a7ccdcaf6c2a4b68878c47cd4d804950','/sys/{version}/units/jobs','/sys/v[1-9]/units/jobs','GET','查岗位查询 作者：彭晨   日期：2019-7-19','admin','2019-10-11 11:33:21','admin','2019-10-11 11:33:21'),
('0d7b4d6d155542239503ce5c501349c9','a2c166f6779e4ee4b9582ff64710c9a2','/sys/{version}/codes','/sys/v[1-9]/codes','POST','保存码表 作者： 雷阳军 日期： 2019年7月19日','admin','2019-09-24 14:18:55','admin','2019-09-24 14:18:55'),
('0f5701f8239e4ee0a79565cc726adb6d','0e40ef762ce44b82bcc41868194accdd','/sys/{version}/menus/detail/{id}','/sys/v[1-9]/menus/detail/[a-zA-Z0-9\\-]+$','GET','根据菜单id查询菜单详细信息 		 作者：付伟恒 	 日期：2019年08月06日','admin','2019-09-24 11:21:55','admin','2019-09-24 11:21:55'),
('0f5ad2429296459fac6ca35033afde34','ca5bc4cf0e0648718b7110914cbcadf2','/sys/{version}/users','/sys/v[1-9]/users','PUT','管理员修改其他用户信息		作者:李凡凡		日期 : 2019-07-17','admin','2019-10-16 14:06:20','admin','2019-10-16 14:06:20'),
('10536396dc854d64870a40c59f614a93','176158f9af634bdd9329f80dc05f72c2','/sys/{version}/menus','/sys/v[1-9]/menus','PUT','修改菜单 作者：fuweiheng 日期：2019年7月17日','admin','2019-09-24 11:21:55','admin','2019-09-24 11:21:55'),
('12da410f38a14e428377ee5c208e04f4','85d1599f30dc4359955ce471043a3f98','/sys/{version}/roles/menu/buttons/tree','/sys/v[1-9]/roles/menu/buttons/tree','GET','获取某个角色下菜单按钮树  作者： 彭晨 日期： 2019年7月24日','admin','2019-09-24 11:35:26','admin','2019-09-24 11:35:26'),
('1964ed3670554739902f6b80030dc821','57a11ef619b246e9b446fadd1c5c76df','/sys/{version}/employees/list','/sys/v[1-9]/employees/list','GET','员工集合复合查询 作者：彭晨   日期：2019-7-17','admin','2019-10-11 11:31:23','admin','2019-10-11 11:31:23'),
('1e7ae3cdb8f0491eb8c81e8255ce26e6','b2f6c4860e9a4c87991ba5ae475fdea3','/sys/{version}/users/menus','/sys/v[1-9]/users/menus','GET','查询用户下的菜单树 作者：彭晨 日期：2019年7月25日','admin','2019-10-16 14:06:20','admin','2019-10-16 14:06:20'),
('1ec9971c1dea493c95fed72ef132fe90','1a4590b208eb4d8cb3bfb002ab94f312','/sys/{version}/message/message','/sys/v[1-9]/message/message','POST','发消息 作者： 彭晨 日期： 2019年9月9日','admin','2019-10-15 17:35:07','admin','2019-10-15 17:35:07'),
('1fec2bc808f9491db58dd684684d2549','3e3fd1d4f239435295a178549c0c38f6','/sys/{version}/logrecords/exception','/sys/v[1-9]/logrecords/exception','GET','获取异常日志		作者 :李凡凡    日期 : 2019-10-08','admin','2019-10-11 11:36:32','admin','2019-10-11 11:36:32'),
('220a190cc3874adda0e6c0205699a346','b2f6c4860e9a4c87991ba5ae475fdea3','/sys/{version}/users/forbidden','/sys/v[1-9]/users/forbidden','GET','检查用户是否有按钮权限 作者：彭晨 日期：2019年7月29日','admin','2019-10-16 14:06:20','admin','2019-10-16 14:06:20'),
('23c3e382f9194222a315d6c778294b82','c6e04c20ff5e4a6ba01aee6350acf893','/sys/{version}/roles/ranks','/sys/v[1-9]/roles/ranks','GET','获取匹配的角色级别 作者： 雷阳军 日期： 2019年7月18日','admin','2019-09-24 11:37:06','admin','2019-09-24 11:37:06'),
('23ffc436e436496999543953f6072818','79c2a65dd0a247dfa7afe4040eb82dbc','/sys/{version}/roles/users','/sys/v[1-9]/roles/users','POST','给角色添加用户  作者： 雷阳军 日期： 2019年7月18日','admin','2019-09-24 11:35:26','admin','2019-09-24 11:35:26'),
('25ade314f6c24802a30ea24d0147af9b','ca5bc4cf0e0648718b7110914cbcadf2','/sys/{version}/users/personal','/sys/v[1-9]/users/personal','PUT','修改自己个人信息		作者:李凡凡		日期 : 2019-07-26','admin','2019-10-16 14:06:20','admin','2019-10-16 14:06:20'),
('2ac8a021712b40a8a5536303c669a853','57a11ef619b246e9b446fadd1c5c76df','/sys/{version}/employeeCode','/sys/v[1-9]/employeeCode','GET','查找员工编码   作者：彭晨  日期：2019-8-1','admin','2019-10-11 11:31:23','admin','2019-10-11 11:31:23'),
('2b311d2071bc4d7a8b47d070c9babe2d','4d5932433fd64c31900e0ba8d9e54eb8','/sys/{version}/roles/users','/sys/v[1-9]/roles/users','GET','获取某个角色下的用户  作者： 雷阳军 日期： 2019年7月18日','admin','2019-09-24 11:35:26','admin','2019-09-24 11:35:26'),
('2e02550dc9d74fb38e7fce1d0fac1a4c','85d1599f30dc4359955ce471043a3f98','/sys/{version}/roles/menus/{roleid}','/sys/v[1-9]/roles/menus/[a-zA-Z0-9\\-]+$','GET','获取某个角色下菜单权限  作者： 彭晨 日期： 2019年7月24日','admin','2019-09-24 11:35:26','admin','2019-09-24 11:35:26'),
('2fce2c4873244660ba445f628556cd87','179990dc7ec74dbca7de65c9cb1d732a','/sys/{version}/units/jobs/import','/sys/v[1-9]/units/jobs/import','POST','导入岗位信息		作者 :李凡凡    日期 : 2019-09-03','admin','2019-10-11 11:33:21','admin','2019-10-11 11:33:21'),
('302a5f2629f04016ae9cf8a9c155e488','a1c159f45c8643e19646c3e95af5c625','/sys/{version}/message/message','/sys/v[1-9]/message/message','PUT','改变消息状态为已读 作者： 彭晨 日期： 2019年9月9日','admin','2019-10-11 11:24:43','admin','2019-10-11 11:24:43'),
('3092dd0e498e4c378eecd2c91b27f1d9','e3dda225f9ae497097f1232d25f59606','/sys/{version}/message/notice','/sys/v[1-9]/message/notice','GET','刷新消息 作者： 彭晨 日期： 2019年9月9日','admin','2019-10-11 09:45:06','admin','2019-10-11 09:45:06'),
('322c80f60c084ab7b33c9ac6be4a27de','6ae7c118be3144df8765545eed32658d','/sys/{version}/client/gateway','/sys/v[1-9]/client/gateway','GET','获取所有客户端集合  作者： 雷阳军 日期： 2019年7月23日','admin','2019-09-24 11:12:52','admin','2019-09-24 11:12:52'),
('35be606806f44d3d95bd8a6116e20c9f','36358195b3f54d67a8ca1e709b4a49fa','/sys/{version}/users','/sys/v[1-9]/users','DELETE','批量删除用户（同时删除用户关联员工信息）	作者 :李凡凡    日期 : 2019-07-18','admin','2019-10-16 14:06:20','admin','2019-10-16 14:06:20'),
('36789162a2a940a9bbafe35b188b9413','c402ed9e8ef84da49fd19e7044bb3427','/sys/{version}/roles/ranks','/sys/v[1-9]/roles/ranks','POST','保存角色级别 作者： 雷阳军 日期： 2019年7月19日','admin','2019-09-24 11:37:06','admin','2019-09-24 11:37:06'),
('371cb45ecfbb4b65aadeddfed85f7f6a','a7ccdcaf6c2a4b68878c47cd4d804950','/sys/{version}/units/fuzzy','/sys/v[1-9]/units/fuzzy','GET','模糊查询机构 作者：彭晨   日期：2019-7-17','admin','2019-10-11 11:33:21','admin','2019-10-11 11:33:21'),
('373cd15d944c4b51908197646658bd3b','e0efe93b94b84d359711eb1add36229f','/sys/{version}/client','/sys/v[1-9]/client','POST','新增一个客户端授权 作者： 雷阳军 日期： 2019年7月23日','admin','2019-09-24 11:12:52','admin','2019-09-24 11:12:52'),
('390edc97dd864d059a3e764c7b98af84','85d1599f30dc4359955ce471043a3f98','/sys/{version}/roles/buttons/{roleid}','/sys/v[1-9]/roles/buttons/[a-zA-Z0-9\\-]+$','DELETE','删除用户下所有的按钮  作者： 彭晨 日期： 2019年8月13日','admin','2019-09-24 11:35:26','admin','2019-09-24 11:35:26'),
('3ca2ad527c394d4a9c2d6f6e4cea0c35','6ae7c118be3144df8765545eed32658d','/sys/{version}/client/{id}','/sys/v[1-9]/client/[a-zA-Z0-9\\-]+$','GET','根据主键ID获取客户端详细数据  作者： 雷阳军 日期： 2019年8月13日','admin','2019-09-24 11:12:52','admin','2019-09-24 11:12:52'),
('3ebd2d1090a74240864fda976a74c769','0e40ef762ce44b82bcc41868194accdd','/sys/{version}/roles/menu/buttons/tree','/sys/v[1-9]/roles/menu/buttons/tree','GET','获取某个角色下菜单按钮树  作者： 彭晨 日期： 2019年7月24日','admin','2019-09-24 11:21:55','admin','2019-09-24 11:21:55'),
('3ff0d52659d740618169fb56d136486b','c949ca9552b244d48425193f32926db7','/task/{version}/task/pause/{id}','/task/v[1-9]/task/pause/[a-zA-Z0-9\\-]+$','PUT','暂停		作者:李凡凡		日期 : 2019-08-28','admin','2019-09-24 11:24:01','admin','2019-09-24 11:24:01'),
('42358730b5b74f68a66cb05b120fc176','c6e22b211d974cb8be59accf1b655727','/sys/{version}/units/jobs','/sys/v[1-9]/units/jobs','DELETE','批量删除岗位 作者：彭晨   日期：2019-7-19','admin','2019-10-11 11:33:21','admin','2019-10-11 11:33:21'),
('42eeb18f254641f2acec97fdb02ff6f7','1a4590b208eb4d8cb3bfb002ab94f312','/sys/{version}/message/sapiadmin','/sys/v[1-9]/message/sapiadmin','GET','刷新消息 作者： 彭晨 日期： 2019年9月9日','admin','2019-10-15 17:35:07','admin','2019-10-15 17:35:07'),
('430a7e89211a4ec3a167aa7df651368a','c949ca9552b244d48425193f32926db7','/task/{version}/task/resume/{id}','/task/v[1-9]/task/resume/[a-zA-Z0-9\\-]+$','PUT','恢复运行状态		作者:李凡凡		日期 : 2019-08-28','admin','2019-09-24 11:24:01','admin','2019-09-24 11:24:01'),
('44dece0b87844a14bc2016563f8ef66d','0e40ef762ce44b82bcc41868194accdd','/sys/{version}/users/menus/buttons/{menuid}','/sys/v[1-9]/users/menus/buttons/[a-zA-Z0-9\\-]+$','GET','查询用户下菜单的按钮 作者：彭晨 日期：2019年7月25日','admin','2019-09-24 11:21:55','admin','2019-09-24 11:21:55'),
('46109fd691664ed1a11438da0b9dadd2','b2f6c4860e9a4c87991ba5ae475fdea3','/sys/{version}/users/total','/sys/v[1-9]/users/total','GET','显示系统授权用户数以及有效用户数量）	作者 :李凡凡    日期 : 2019-07-25','admin','2019-10-16 14:06:20','admin','2019-10-16 14:06:20'),
('465a6dd9ccf24ba384eacac89075ec35','a1c159f45c8643e19646c3e95af5c625','/sys/{version}/message/message','/sys/v[1-9]/message/message','POST','发消息 作者： 彭晨 日期： 2019年9月9日','admin','2019-10-11 11:24:43','admin','2019-10-11 11:24:43'),
('46ee0b6474414f9aaaca3c6d0e908621','1a4590b208eb4d8cb3bfb002ab94f312','/sys/{version}/message/typeDetail','/sys/v[1-9]/message/typeDetail','GET','查找单个消息类型 作者： 彭晨 日期： 2019年9月6日','admin','2019-10-15 17:35:07','admin','2019-10-15 17:35:07'),
('4a765285a7f64ebf8178d0f6b4c2492d','96743aa43e0c426291f7f6e4a764fac6','/sys/{version}/codes','/sys/v[1-9]/codes','GET','获取匹配的码表 作者： 雷阳军 日期： 2019年7月18日','admin','2019-09-24 11:44:53','admin','2019-09-24 11:44:53'),
('4a76c8011a4c42518b98946f386c9b3c','c6e04c20ff5e4a6ba01aee6350acf893','/sys/{version}/roles/ranks/{id}','/sys/v[1-9]/roles/ranks/[a-zA-Z0-9\\-]+$','GET','获取单个角色级别   作者： 雷阳军 日期： 2019年7月18日','admin','2019-09-24 11:37:06','admin','2019-09-24 11:37:06'),
('4a7e142da5154d3e833e0adcc5ccf7a5','a1c159f45c8643e19646c3e95af5c625','/sys/{version}/message/page','/sys/v[1-9]/message/page','GET','查找消息分页 作者： 彭晨 日期： 2019年9月6日','admin','2019-10-11 11:24:43','admin','2019-10-11 11:24:43'),
('4b9902387f7f4c5d98ddbe05a7fedfe9','1a4590b208eb4d8cb3bfb002ab94f312','/sys/{version}/message/refreshMessage','/sys/v[1-9]/message/refreshMessage','GET','刷新消息 作者： 彭晨 日期： 2019年9月9日','admin','2019-10-15 17:35:07','admin','2019-10-15 17:35:07'),
('4f36e466b5834811a1854ed4b8269dda','272d7c1f716c4d91b799220606d0cc9b','/sys/{version}/menus','/sys/v[1-9]/menus','POST','新增一个菜单 作者：fuweiheng 日期：2019年7月17日','admin','2019-09-24 11:21:55','admin','2019-09-24 11:21:55'),
('4f951ac9ae2b4a08aa55c938777b73d1','1a4590b208eb4d8cb3bfb002ab94f312','/yourname/{version}/message/page','/yourname/v[1-9]/message/page','GET','查找消息分页 作者： 彭晨 日期： 2019年9月6日','admin','2019-10-15 17:35:07','admin','2019-10-15 17:35:07'),
('5084920bba514831b053b8d24930b46f','96743aa43e0c426291f7f6e4a764fac6','/sys/{version}/codes/{id}','/sys/v[1-9]/codes/[a-zA-Z0-9\\-]+$','GET','根据ID获取码表   作者： 雷阳军 日期： 2019年7月18日','admin','2019-09-24 11:44:53','admin','2019-09-24 11:44:53'),
('512009b0fbfe495d972f0c39950a8b9f','f9deedd27bbe410bb2d7905a5f31e067','/sys/{version}/codes/values/{id}','/sys/v[1-9]/codes/values/[a-zA-Z0-9\\-]+$','DELETE','删除码值   作者： 雷阳军 日期： 2019年7月18日','admin','2019-09-24 11:44:53','admin','2019-09-24 11:44:53'),
('54ac030c23944400af37c5c9c15d3534','0e40ef762ce44b82bcc41868194accdd','/sys/{version}/menus/buttons/{id}','/sys/v[1-9]/menus/buttons/[a-zA-Z0-9\\-]+$','GET','根据菜单查询按钮 作者：fuweiheng 日期：2019年7月17日','admin','2019-09-24 11:21:55','admin','2019-09-24 11:21:55'),
('54fa4173c4ec48c6a3a5705c8d083f45','0e40ef762ce44b82bcc41868194accdd','/sys/{version}/roles/buttons/{roleid}','/sys/v[1-9]/roles/buttons/[a-zA-Z0-9\\-]+$','GET','获取某个角色下按钮  作者： 彭晨 日期： 2019年7月24日','admin','2019-09-24 11:21:55','admin','2019-09-24 11:21:55'),
('55118db37bec4b55958f53975b095d9f','1a4590b208eb4d8cb3bfb002ab94f312','/sys/{version}/message/deleteMessageType','/sys/v[1-9]/message/deleteMessageType','DELETE','删除消息类型 作者： 彭晨 日期： 2019年9月9日','admin','2019-10-15 17:35:07','admin','2019-10-15 17:35:07'),
('5567f6029f8b47cb938e5eed4e75e6a0','164ae4e15b064a6d8a917c82f410c6cf','/sys/{version}/units/jobs/export','/sys/v[1-9]/units/jobs/export','GET','导出岗位   作者：李凡凡  日期：2019-9-2','admin','2019-10-11 11:33:21','admin','2019-10-11 11:33:21'),
('5602f4577486457f80d95cc7d44ed9cb','ede5add4cf8a4c27b4be0e7b5165879c','/sys/{version}/codes/values/page','/sys/v[1-9]/codes/values/page','GET','获取码值分页 作者： 雷阳军 日期： 2019年7月18日','admin','2019-09-24 11:44:53','admin','2019-09-24 11:44:53'),
('567e7e44561c46e5b0a8eef4c1220f27','0e40ef762ce44b82bcc41868194accdd','/sys/{version}/menus/export/{id}','/sys/v[1-9]/menus/export/[a-zA-Z0-9\\-]+$','GET','导出菜单 		 作者：李凡凡 	 日期：2019年09月11日','admin','2019-09-24 11:21:55','admin','2019-09-24 11:21:55'),
('57b07d40642c4b4cbb2a056e52909b68','e3dda225f9ae497097f1232d25f59606','/sys/{version}/users/menus','/sys/v[1-9]/users/menus','GET','查询用户下的菜单树 作者：彭晨 日期：2019年7月25日','admin','2019-10-11 09:45:06','admin','2019-10-11 09:45:06'),
('5866aaa25009469fbce4e85330ff6878','a1c159f45c8643e19646c3e95af5c625','/sys/{version}/message/sapiadmin','/sys/v[1-9]/message/sapiadmin','GET','刷新消息 作者： 彭晨 日期： 2019年9月9日','admin','2019-10-11 11:24:43','admin','2019-10-11 11:24:43'),
('5bbd760950e6467991a6968959bf976a','b2f6c4860e9a4c87991ba5ae475fdea3','/sys/{version}/users/export','/sys/v[1-9]/users/export','GET','导出用户信息		作者 :李凡凡    日期 : 2019-08-01','admin','2019-10-16 14:06:20','admin','2019-10-16 14:06:20'),
('5bf5f864c44f48e5be192786ccbca252','a1c159f45c8643e19646c3e95af5c625','/sys/{version}/message/notice','/sys/v[1-9]/message/notice','GET','刷新消息 作者： 彭晨 日期： 2019年9月9日','admin','2019-10-11 11:24:43','admin','2019-10-11 11:24:43'),
('5cc3ac46460e48049dd1f714bf24bfbc','a1c159f45c8643e19646c3e95af5c625','/sys/{version}/message/deleteMessageType','/sys/v[1-9]/message/deleteMessageType','DELETE','删除消息类型 作者： 彭晨 日期： 2019年9月9日','admin','2019-10-11 11:24:43','admin','2019-10-11 11:24:43'),
('5ddb4e946cfc45beb106eea181931a2d','ca5bc4cf0e0648718b7110914cbcadf2','/sys/{version}/users/passwords','/sys/v[1-9]/users/passwords','PUT','用户修改密码		作者:李凡凡		日期 : 2019-07-17','admin','2019-10-16 14:06:20','admin','2019-10-16 14:06:20'),
('5dfc82065b604659854a768bd6327805','0b6afdef4a9f4cd78b537645c2afcdf0','/sys/{version}/button/resources/{id}','/sys/v[1-9]/button/resources/[a-zA-Z0-9\\-]+$','DELETE','根据资源按钮id删除菜单按钮下对应资源 		 作者：李凡凡 	 日期：2019年08月02日','admin','2019-09-24 11:21:55','admin','2019-09-24 11:21:55'),
('5e7a7b6059744631960d2e377d8fba19','b2f6c4860e9a4c87991ba5ae475fdea3','/sys/{version}/users','/sys/v[1-9]/users','GET','查询用户信息		作者 :李凡凡    日期 : 2019-07-19','admin','2019-10-16 14:06:20','admin','2019-10-16 14:06:20'),
('5e9e8188eed9472980aeaf6e8d9678dd','272d7c1f716c4d91b799220606d0cc9b','/sys/{version}/roles/menus','/sys/v[1-9]/roles/menus','POST','给角色添加菜单权限  作者： 彭晨 日期： 2019年7月24日','admin','2019-09-24 11:21:55','admin','2019-09-24 11:21:55'),
('5ed743d20f994216b2b58db4269b41fd','0b6afdef4a9f4cd78b537645c2afcdf0','/sys/{version}/roles/menus','/sys/v[1-9]/roles/menus','DELETE','根据角色菜单关联id删除角色下的按钮  作者： 彭晨 日期： 2019年7月24日','admin','2019-09-24 11:21:55','admin','2019-09-24 11:21:55'),
('5faaceb2c804423c828b76c0108e73ae','36a4977e21be4b83a5363966e7b33e73','/sys/logs/syslog','/sys/logs/syslog','GET','查询系统日志 作者：fuweiheng 日期：2019年8月29日','admin','2019-10-11 11:26:16','admin','2019-10-11 11:26:16'),
('606608196f164543b0e466e0bcbba488','4d5932433fd64c31900e0ba8d9e54eb8','/sys/{version}/roles','/sys/v[1-9]/roles','GET','获取匹配的角色 作者： 雷阳军 日期： 2019年7月18日','admin','2019-09-24 11:35:26','admin','2019-09-24 11:35:26'),
('60d7531950ec4231a507a8e8eb3a12b3','a1c159f45c8643e19646c3e95af5c625','/sys/{version}/message/messageType','/sys/v[1-9]/message/messageType','POST','添加消息类型 作者： 彭晨 日期： 2019年9月9日','admin','2019-10-11 11:24:43','admin','2019-10-11 11:24:43'),
('623b1a2f1bf944b492865947922dce31','c53bbeaf278940cc8ada40cbcb19306b','/sys/{version}/employees','/sys/v[1-9]/employees','DELETE','批量删除员工（同时删除用户）作者：彭晨   日期：2019-7-18','admin','2019-10-11 11:31:23','admin','2019-10-11 11:31:23'),
('6493adab1413414aa1cf16298e50234b','0e40ef762ce44b82bcc41868194accdd','/sys/{version}/menus','/sys/v[1-9]/menus','GET','查询菜单列表 作者：fuweiheng 日期：2019年7月17日','admin','2019-09-24 11:21:55','admin','2019-09-24 11:21:55'),
('6493d2a16f9440e08280e1240723ab21','4d5932433fd64c31900e0ba8d9e54eb8','/sys/{version}/roles/{id}','/sys/v[1-9]/roles/[a-zA-Z0-9\\-]+$','GET','获取单个角色   作者： 雷阳军 日期： 2019年7月18日','admin','2019-09-24 11:35:26','admin','2019-09-24 11:35:26'),
('6558a062423a4e87bd4b2fa8e520e606','1a4590b208eb4d8cb3bfb002ab94f312','/sys/{version}/message/message','/sys/v[1-9]/message/message','PUT','改变消息状态为已读 作者： 彭晨 日期： 2019年9月9日','admin','2019-10-15 17:35:07','admin','2019-10-15 17:35:07'),
('6564768f555e4e3da6f3846c3f7f2c0e','e97f2f0532064d35baf35223d972e386','/sys/{version}/codes/{id}','/sys/v[1-9]/codes/[a-zA-Z0-9\\-]+$','GET','根据ID获取码表   作者： 雷阳军 日期： 2019年7月18日','admin','2019-09-24 14:18:55','admin','2019-09-24 14:18:55'),
('66cd084c0e1f4aa3a58de1afd562fd1b','a7ccdcaf6c2a4b68878c47cd4d804950','/sys/{version}/units/jobCodes','/sys/v[1-9]/units/jobCodes','GET','查找岗位编码 作者：彭晨  日期：2019-8-1','admin','2019-10-11 11:33:21','admin','2019-10-11 11:33:21'),
('67a08711d2e1449daa26a44873f468bf','40a62735ad5443ba99b092d4bc8f683b','/task/{version}/task','/task/v[1-9]/task','POST','添加/修改任务		作者:李凡凡		日期 : 2019-08-28','admin','2019-09-24 11:24:01','admin','2019-09-24 11:24:01'),
('685a28da55a14d1eb1f1e8c0eb4c1b3f','a1c159f45c8643e19646c3e95af5c625','/sys/{version}/message/pushMessage','/sys/v[1-9]/message/pushMessage','POST','socket推送消息1.0 作者： 彭晨 日期： 2019年9月9日','admin','2019-10-11 11:24:43','admin','2019-10-11 11:24:43'),
('68d98644e09c468b9b4ebb8fc7e8c653','19ac5fe3dcdb413aa785ef2b847cd4ae','/sys/{version}/message/notice','/sys/v[1-9]/message/notice','GET','刷新消息 作者： 彭晨 日期： 2019年9月9日','admin','2019-10-15 17:16:26','admin','2019-10-15 17:16:26'),
('6a75c3059ea24790a0ad10f4d8c79e71','a7ccdcaf6c2a4b68878c47cd4d804950','/sys/{version}/units/tree','/sys/v[1-9]/units/tree','GET','树状查询机构 作者：彭晨   日期：2019-7-17','admin','2019-10-11 11:33:21','admin','2019-10-11 11:33:21'),
('6b20bdbded3f45a7943e4e1b9fe525c3','dfa55e67baed4d1aa0192fa33bc9b1bf','/sys/logs/syslog','/sys/logs/syslog','GET','查询系统日志 作者：fuweiheng 日期：2019年8月29日','admin','2019-09-17 18:07:02','admin','2019-09-17 18:07:02'),
('6b4bf36243e24383bedc35fd87c0251b','a4dc47b49d9243ac975689c4ee6ac170','/sys/{version}/users/employee','/sys/v[1-9]/users/employee','POST','为员工创建一个用户		作者 :李凡凡    日期 : 2019-09-04','admin','2019-10-16 14:06:20','admin','2019-10-16 14:06:20'),
('6d0c0489255a4d27bccdafc742be4322','85d1599f30dc4359955ce471043a3f98','/sys/{version}/roles/menus','/sys/v[1-9]/roles/menus','POST','给角色添加菜单权限  作者： 彭晨 日期： 2019年7月24日','admin','2019-09-24 11:35:26','admin','2019-09-24 11:35:26'),
('6db6eea7b57c4596a811599d5c387048','aa42ad52374c45f9aac3bbab6720b2cd','/sys/{version}/users/import','/sys/v[1-9]/users/import','POST','导入用户信息		作者 :李凡凡    日期 : 2019-09-02','admin','2019-10-16 14:06:20','admin','2019-10-16 14:06:20'),
('6eef3e477e504f998c3728c98582c95f','3c3508a27b8a437585739a8342fcbd5f','/sys/{version}/roles','/sys/v[1-9]/roles','POST','保存角色 作者： 雷阳军 日期： 2019年7月19日','admin','2019-09-24 11:35:26','admin','2019-09-24 11:35:26'),
('715c40f81a684c2e8d442bf655788cc3','15b393c7fecc440c83c5fb1c5a01b48a','/sys/{version}/units/jobs','/sys/v[1-9]/units/jobs','POST','插入岗位 作者：彭晨   日期：2019-7-19','admin','2019-10-11 11:33:21','admin','2019-10-11 11:33:21'),
('7245e6febb724e6ab64334f415d114eb','1a4590b208eb4d8cb3bfb002ab94f312','/sys/{version}/message/pushMessage','/sys/v[1-9]/message/pushMessage','POST','socket推送消息1.0 作者： 彭晨 日期： 2019年9月9日','admin','2019-10-15 17:35:07','admin','2019-10-15 17:35:07'),
('72910938aac84dc48cbc9be3d1d3922a','d727495810844512a326be6a1e613503','/task/{version}/task/logs','/task/v[1-9]/task/logs','GET','获取任务日志列表(分页)		作者:李凡凡		日期 : 2019-09-16','admin','2019-09-24 11:24:01','admin','2019-09-24 11:24:01'),
('72cf6f036d6c4471a903c3c78dc04147','6c4f3f7319ac4f5ba6bf3d74c73b4a89','/sys/{version}/roles/ranks/{id}','/sys/v[1-9]/roles/ranks/[a-zA-Z0-9\\-]+$','DELETE','删除角色级别   作者： 雷阳军 日期： 2019年7月18日','admin','2019-09-24 11:37:06','admin','2019-09-24 11:37:06'),
('74191524c44549849b470ece09be0bff','0b6afdef4a9f4cd78b537645c2afcdf0','/sys/{version}/menus/{id}','/sys/v[1-9]/menus/[a-zA-Z0-9\\-]+$','DELETE','删除菜单 作者：fuweiheng 日期：2019年7月17日','admin','2019-09-24 11:21:55','admin','2019-09-24 11:21:55'),
('755153a550b842a78eaba6985bbd60f0','96743aa43e0c426291f7f6e4a764fac6','/sys/{version}/codes/values','/sys/v[1-9]/codes/values','POST','保存码值 作者： 雷阳军 日期： 2019年7月19日','admin','2019-09-24 11:44:53','admin','2019-09-24 11:44:53'),
('76c37216af5b48838efa247e387a95af','86a25157cd3f4995b78abffd6ac1807a','/sys/{version}/codes','/sys/v[1-9]/codes','POST','保存码表 作者： 雷阳军 日期： 2019年7月19日','admin','2019-09-24 14:18:55','admin','2019-09-24 14:18:55'),
('7703a17902e349b08d16476a3577b57a','e3dda225f9ae497097f1232d25f59606','/sys/{version}/users/forbidden','/sys/v[1-9]/users/forbidden','GET','检查用户是否有按钮权限 作者：彭晨 日期：2019年7月29日','admin','2019-10-11 09:45:06','admin','2019-10-11 09:45:06'),
('77118bc945084e90848041c135faf7ef','1a4590b208eb4d8cb3bfb002ab94f312','/sys/{version}/message/messageType','/sys/v[1-9]/message/messageType','DELETE','删除消息类型 作者： 彭晨 日期： 2019年9月9日','admin','2019-10-15 17:35:07','admin','2019-10-15 17:35:07'),
('77bd6c8c572d4b1cb64101cb001f2f0d','6ae7c118be3144df8765545eed32658d','/sys/{version}/client','/sys/v[1-9]/client','GET','获取所有客户端  作者： 雷阳军 日期： 2019年7月23日','admin','2019-09-24 11:12:52','admin','2019-09-24 11:12:52'),
('7be5c4c3f9d64252b1211ea3b0fa8fec','85d1599f30dc4359955ce471043a3f98','/sys/{version}/roles/ranks','/sys/v[1-9]/roles/ranks','GET','获取匹配的角色级别 作者： 雷阳军 日期： 2019年7月18日','admin','2019-09-24 11:35:26','admin','2019-09-24 11:35:26'),
('7c16c18e20bf4255ac434763723453d0','d2537694137a4f78a5aab39039766eb4','/sys/{version}/codes/{id}','/sys/v[1-9]/codes/[a-zA-Z0-9\\-]+$','DELETE','删除码表   作者： 雷阳军 日期： 2019年7月18日','admin','2019-09-24 14:18:55','admin','2019-09-24 14:18:55'),
('7c407ef615ce4b6bbde8765e1c9ab89b','30e1f3ded6544d35ac3b4f36c0025505','/sys/{version}/client/{id}','/sys/v[1-9]/client/[a-zA-Z0-9\\-]+$','DELETE','删除客户端  作者： 雷阳军 日期： 2019年7月23日','admin','2019-09-24 11:12:52','admin','2019-09-24 11:12:52'),
('7d6821c8f7434b59b15ebe1dda5e270b','1a4590b208eb4d8cb3bfb002ab94f312','/sys/{version}/message/send','/sys/v[1-9]/message/send','GET','查找单个消息类型 作者： 彭晨 日期： 2019年9月6日','admin','2019-10-15 17:35:07','admin','2019-10-15 17:35:07'),
('7dee0ee2cc524639a7fe279e8a8bd68a','b2f6c4860e9a4c87991ba5ae475fdea3','/sys/{version}/users/passwords/validity/message','/sys/v[1-9]/users/passwords/validity/message','GET','密码有效期提醒(消息推送)		作者 :李凡凡    日期 : 2019-09-20','admin','2019-10-16 14:06:20','admin','2019-10-16 14:06:20'),
('7eb4832f956a492c9ec58a7983fcabd0','d727495810844512a326be6a1e613503','/task/{version}/task/{id}','/task/v[1-9]/task/[a-zA-Z0-9\\-]+$','GET','获取单个任务		作者:李凡凡		日期 : 2019-08-28','admin','2019-09-24 11:24:01','admin','2019-09-24 11:24:01'),
('8066382b51994c51846b82a210baae9c','ffb28a00450044f69006c4fe717eb3eb','/sys/{version}/roles/{id}','/sys/v[1-9]/roles/[a-zA-Z0-9\\-]+$','DELETE','删除角色   作者： 雷阳军 日期： 2019年7月18日','admin','2019-09-24 11:35:26','admin','2019-09-24 11:35:26'),
('80a8637969854393b6551ee2c02b6a93','a7ccdcaf6c2a4b68878c47cd4d804950','/sys/{version}/units/{id}','/sys/v[1-9]/units/[a-zA-Z0-9\\-]+$','GET','根据机构id查询机构 作者：彭晨   日期：2019-7-17','admin','2019-10-11 11:33:21','admin','2019-10-11 11:33:21'),
('8133fed13ea7427981681a0ebed1cc3b','e97f2f0532064d35baf35223d972e386','/sys/{version}/codes','/sys/v[1-9]/codes','GET','获取匹配的码表 作者： 雷阳军 日期： 2019年7月18日','admin','2019-09-24 14:18:55','admin','2019-09-24 14:18:55'),
('81b5b84af9cc409d837e125113cb8206','0e40ef762ce44b82bcc41868194accdd','/sys/{version}/buttons/export','/sys/v[1-9]/buttons/export','GET','导出按钮 作者：fuweiheng 日期：2019年7月17日','admin','2019-09-24 11:21:55','admin','2019-09-24 11:21:55'),
('81e210647abb4743867a561b41145924','19ac5fe3dcdb413aa785ef2b847cd4ae','/sys/{version}/message/page','/sys/v[1-9]/message/page','GET','查找消息分页 作者： 彭晨 日期： 2019年9月6日','admin','2019-10-15 17:16:26','admin','2019-10-15 17:16:26'),
('8255a5066eff485bb2ffdbef6cecb666','be6058472ca54f2bbe16e49f39298320','/sys/{version}/employees/export','/sys/v[1-9]/employees/export','GET','导出员工   作者：李凡凡  日期：2019-9-2','admin','2019-10-11 11:31:23','admin','2019-10-11 11:31:23'),
('826364761e7844b5b4f766f19d3b2d5a','0b6afdef4a9f4cd78b537645c2afcdf0','/sys/{version}/roles/buttons','/sys/v[1-9]/roles/buttons','DELETE','根据角色按钮关联表删除某个角色下某些按钮  作者： 彭晨 日期： 2019年7月24日','admin','2019-09-24 11:21:55','admin','2019-09-24 11:21:55'),
('85ab946c99e84d6697a1d471811f375b','b5ef1a67c90f4e9d923d2f3f49cb9277','/task/{version}/task/logs','/task/v[1-9]/task/logs','GET','获取任务日志列表(分页)		作者:李凡凡		日期 : 2019-09-16','admin','2019-09-24 11:25:14','admin','2019-09-24 11:25:14'),
('860f42373925475fb4442c8a5d755685','272d7c1f716c4d91b799220606d0cc9b','/sys/{version}/buttons','/sys/v[1-9]/buttons','POST','新增一个按钮 作者：fuweiheng 日期：2019年7月17日','admin','2019-09-24 11:21:55','admin','2019-09-24 11:21:55'),
('86ff07e7143241218bf2362ba65fe61f','0e40ef762ce44b82bcc41868194accdd','/sys/{version}/roles/menus/{roleid}','/sys/v[1-9]/roles/menus/[a-zA-Z0-9\\-]+$','GET','获取某个角色下菜单权限  作者： 彭晨 日期： 2019年7月24日','admin','2019-09-24 11:21:55','admin','2019-09-24 11:21:55'),
('8951ae0847894d0589f425853eab21a7','e3dda225f9ae497097f1232d25f59606','/sys/{version}/message/msgCount','/sys/v[1-9]/message/msgCount','GET','统计消息计数 作者： 彭晨 日期： 2019年9月9日','admin','2019-10-11 09:45:06','admin','2019-10-11 09:45:06'),
('89f4da9e4fc54a11821edfa342198437','b2f6c4860e9a4c87991ba5ae475fdea3','/sys/{version}/users/menus/buttons/{menuid}','/sys/v[1-9]/users/menus/buttons/[a-zA-Z0-9\\-]+$','GET','查询用户下菜单的按钮 作者：彭晨 日期：2019年7月25日','admin','2019-10-16 14:06:20','admin','2019-10-16 14:06:20'),
('8a3f026300de40efae9935de1e622ff5','96743aa43e0c426291f7f6e4a764fac6','/sys/{version}/codes/page','/sys/v[1-9]/codes/page','GET','获取码表分页 作者： 雷阳军 日期： 2019年7月18日','admin','2019-09-24 11:44:53','admin','2019-09-24 11:44:53'),
('8a6242dfc9c04fe4b4f1aebcec5b00a2','ede5add4cf8a4c27b4be0e7b5165879c','/sys/{version}/codes/values/{id}','/sys/v[1-9]/codes/values/[a-zA-Z0-9\\-]+$','GET','根据ID获取码值   作者： 雷阳军 日期： 2019年7月18日','admin','2019-09-24 11:44:53','admin','2019-09-24 11:44:53'),
('8a679f282198469e925096d59c345d85','85d1599f30dc4359955ce471043a3f98','/sys/{version}/roles/users','/sys/v[1-9]/roles/users','DELETE','删除该角色下的用户  作者： 雷阳军 日期： 2019年7月18日','admin','2019-09-24 11:35:26','admin','2019-09-24 11:35:26'),
('8b0d1e1265eb482c96692a64e822d7e7','176158f9af634bdd9329f80dc05f72c2','/sys/{version}/menus/language','/sys/v[1-9]/menus/language','PUT','修改菜单语言 作者：fuweiheng 日期：2019年7月26日','admin','2019-09-24 11:21:55','admin','2019-09-24 11:21:55'),
('8b5e095722ee43d991305bb7db6eb712','a75a47bb17274a6489bbb448e8f4ad21','/sys/{version}/config/security','/sys/v[1-9]/config/security','GET','获取密码基本配置信息	作者:李凡凡		日期 : 2019-07-26','admin','2019-09-24 11:11:37','admin','2019-09-24 11:11:37'),
('8beb3212117d4b7ab5114244afb4a679','272d7c1f716c4d91b799220606d0cc9b','/sys/{version}/roles/buttons','/sys/v[1-9]/roles/buttons','POST','给角色添加按钮  作者： 彭晨 日期： 2019年7月24日','admin','2019-09-24 11:21:55','admin','2019-09-24 11:21:55'),
('8c4c5ad7a0a14855aa1d2e39a01aa55e','96743aa43e0c426291f7f6e4a764fac6','/sys/{version}/codes/values/{id}','/sys/v[1-9]/codes/values/[a-zA-Z0-9\\-]+$','DELETE','删除码值   作者： 雷阳军 日期： 2019年7月18日','admin','2019-09-24 11:44:53','admin','2019-09-24 11:44:53'),
('8da8753b5e034e71842dd9d1677ac880','a1c159f45c8643e19646c3e95af5c625','/sys/{version}/message/send','/sys/v[1-9]/message/send','GET','查找单个消息类型 作者： 彭晨 日期： 2019年9月6日','admin','2019-10-11 11:24:43','admin','2019-10-11 11:24:43'),
('9153b68d27af4f2c8f8e92d97d457ad2','0e40ef762ce44b82bcc41868194accdd','/sys/{version}/button/resources/{menuButtonId}','/sys/v[1-9]/button/resources/[a-zA-Z0-9\\-]+$','GET','根据菜单按钮id获取对应的按钮资源 		 作者：李凡凡 	 日期：2019年08月02日','admin','2019-09-24 11:21:55','admin','2019-09-24 11:21:55'),
('9194f6bb374e4b08b332ff30d6d99b54','85d1599f30dc4359955ce471043a3f98','/sys/{version}/roles/menus','/sys/v[1-9]/roles/menus','DELETE','根据角色菜单关联id删除角色下的按钮  作者： 彭晨 日期： 2019年7月24日','admin','2019-09-24 11:35:26','admin','2019-09-24 11:35:26'),
('9270891e0ea547e79b3e871f9a5990e3','176158f9af634bdd9329f80dc05f72c2','/sys/{version}/buttons','/sys/v[1-9]/buttons','PUT','修改按钮 作者：fuweiheng 日期：2019年7月17日','admin','2019-09-24 11:21:55','admin','2019-09-24 11:21:55'),
('94a95849df534523888c275cf870f10a','85d1599f30dc4359955ce471043a3f98','/sys/{version}/roles/menus/buttons','/sys/v[1-9]/roles/menus/buttons','POST','给角色添加菜单按钮  作者： 彭晨 日期： 2019年7月24日','admin','2019-09-24 11:35:26','admin','2019-09-24 11:35:26'),
('958f612e56d04af8abf698f0f6e2568a','b2f6c4860e9a4c87991ba5ae475fdea3','/sys/{version}/roles/users','/sys/v[1-9]/roles/users','GET','获取某个角色下的用户  作者： 雷阳军 日期： 2019年7月18日','admin','2019-10-16 14:06:20','admin','2019-10-16 14:06:20'),
('9c51035ad8a74ca0ba1ea20ec064b56a','a7ccdcaf6c2a4b68878c47cd4d804950','/sys/{version}/units/jobs/export','/sys/v[1-9]/units/jobs/export','GET','导出岗位   作者：李凡凡  日期：2019-9-2','admin','2019-10-11 11:33:21','admin','2019-10-11 11:33:21'),
('9cd683d5e345401d89f8b80f708c1911','1a4590b208eb4d8cb3bfb002ab94f312','/sys/{version}/message/page','/sys/v[1-9]/message/page','GET','查找消息分页 作者： 彭晨 日期： 2019年9月6日','admin','2019-10-15 17:35:07','admin','2019-10-15 17:35:07'),
('9e890f01fad94d38a3e57e5c6480553e','2c47962f3601440f9dae0161b2b54621','/sys/{version}/logrecords/login','/sys/v[1-9]/logrecords/login','GET','获取登录日志		作者 :李凡凡    日期 : 2019-10-08','admin','2019-10-11 11:35:11','admin','2019-10-11 11:35:11'),
('a13e00e28fa344678ea2d27439e3a930','1a4590b208eb4d8cb3bfb002ab94f312','/sys/{version}/message/messageType','/sys/v[1-9]/message/messageType','POST','添加消息类型 作者： 彭晨 日期： 2019年9月9日','admin','2019-10-15 17:35:07','admin','2019-10-15 17:35:07'),
('a26eb11d25f34d35b275d500ab9107ef','0e40ef762ce44b82bcc41868194accdd','/sys/{version}/menus/buttons/tree/{id}','/sys/v[1-9]/menus/buttons/tree/[a-zA-Z0-9\\-]+$','GET','查询当前菜单下所有菜单和按钮 树状结构 作者：fuweiheng 日期：2019年7月17日','admin','2019-09-24 11:21:55','admin','2019-09-24 11:21:55'),
('a3bd1f37e5a047499906c870301d31bb','8ab8ca77a0fa4237bbfbe82f95fa4542','/sys/{version}/menus/language','/sys/v[1-9]/menus/language','PUT','修改菜单语言 作者：fuweiheng 日期：2019年7月26日','admin','2019-09-24 11:21:55','admin','2019-09-24 11:21:55'),
('a45f845dbdb042d5b9eca9e28d08e80f','4a36238c3b9b47cf82a88c8de4bf4f9f','/sys/{version}/employees/import','/sys/v[1-9]/employees/import','POST','导入员工   作者：李凡凡  日期：2019-9-3','admin','2019-10-11 11:31:23','admin','2019-10-11 11:31:23'),
('a544be02a19245f3942c90123186bfed','96743aa43e0c426291f7f6e4a764fac6','/sys/{version}/codes/values/page','/sys/v[1-9]/codes/values/page','GET','获取码值分页 作者： 雷阳军 日期： 2019年7月18日','admin','2019-09-24 11:44:53','admin','2019-09-24 11:44:53'),
('ad33dc3d116146ffb6d01d0be0c55a3a','dddb3b842bd8422aa97d6bc0240bebce','/sys/{version}/units/jobs','/sys/v[1-9]/units/jobs','PUT','修改岗位 作者：彭晨   日期：2019-7-19','admin','2019-10-11 11:33:21','admin','2019-10-11 11:33:21'),
('ad7130cccb2847398f1c2d95b4ef57f6','92165af25aa64d86b0425543187d9e38','/sys/{version}/roles/ranks','/sys/v[1-9]/roles/ranks','POST','保存角色级别 作者： 雷阳军 日期： 2019年7月19日','admin','2019-09-24 11:37:06','admin','2019-09-24 11:37:06'),
('ae21885877904f45af0e35168919f5e2','a7ccdcaf6c2a4b68878c47cd4d804950','/sys/{version}/units/childs','/sys/v[1-9]/units/childs','GET','查找一级子机构 作者：彭晨  日期：2019-7-30','admin','2019-10-11 11:33:21','admin','2019-10-11 11:33:21'),
('ae64ea5820fb478e8b0fc5b7e103df0e','a1c159f45c8643e19646c3e95af5c625','/sys/{version}/message/typeDetail','/sys/v[1-9]/message/typeDetail','GET','查找单个消息类型 作者： 彭晨 日期： 2019年9月6日','admin','2019-10-11 11:24:43','admin','2019-10-11 11:24:43'),
('b0695e53d8b941f4828ebf37c8073d87','85d1599f30dc4359955ce471043a3f98','/sys/{version}/roles/users','/sys/v[1-9]/roles/users','POST','给角色添加用户  作者： 雷阳军 日期： 2019年7月18日','admin','2019-09-24 11:35:26','admin','2019-09-24 11:35:26'),
('b19d394445894ad48d633326fc7cd9b8','1a4590b208eb4d8cb3bfb002ab94f312','/sys/{version}/message/saveMessageType','/sys/v[1-9]/message/saveMessageType','POST','添加消息类型 作者： 彭晨 日期： 2019年9月9日','admin','2019-10-15 17:35:07','admin','2019-10-15 17:35:07'),
('b43bf19ea78e493095d252a60db14a37','0b6afdef4a9f4cd78b537645c2afcdf0','/sys/{version}/buttons/{id}','/sys/v[1-9]/buttons/[a-zA-Z0-9\\-]+$','DELETE','删除一个按钮 作者：fuweiheng 日期：2019年7月17日','admin','2019-09-24 11:21:55','admin','2019-09-24 11:21:55'),
('b4c2d32ac08c424d82cc3ce28c8994b3','a1c159f45c8643e19646c3e95af5c625','/sys/{version}/message/sendMessage','/sys/v[1-9]/message/sendMessage','GET','发消息 作者： 彭晨 日期： 2019年9月9日','admin','2019-10-11 11:24:43','admin','2019-10-11 11:24:43'),
('b53f684a079b489db6ca3146261e0547','79c2a65dd0a247dfa7afe4040eb82dbc','/sys/{version}/roles','/sys/v[1-9]/roles','POST','保存角色 作者： 雷阳军 日期： 2019年7月19日','admin','2019-09-24 11:35:26','admin','2019-09-24 11:35:26'),
('b7c650afeeaf494cbcec7aaac00b2058','0e40ef762ce44b82bcc41868194accdd','/sys/{version}/buttons','/sys/v[1-9]/buttons','GET','查询按钮 作者：fuweiheng 日期：2019年7月17日','admin','2019-09-24 11:21:55','admin','2019-09-24 11:21:55'),
('b86ba8f5a49546ae9faed10c68f73c6c','57a11ef619b246e9b446fadd1c5c76df','/sys/{version}/employees','/sys/v[1-9]/employees','GET','员工分页复合查询 作者：彭晨   日期：2019-7-17','admin','2019-10-11 11:31:23','admin','2019-10-11 11:31:23'),
('ba2100b215634523a8e44bb654fa3746','19ac5fe3dcdb413aa785ef2b847cd4ae','/sys/{version}/message/typeDetail','/sys/v[1-9]/message/typeDetail','GET','查找单个消息类型 作者： 彭晨 日期： 2019年9月6日','admin','2019-10-15 17:16:26','admin','2019-10-15 17:16:26'),
('ba646a533c024a1a9d838fdd40f3d54a','272d7c1f716c4d91b799220606d0cc9b','/sys/{version}/button/resources','/sys/v[1-9]/button/resources','POST','为对应的菜单按钮批量添加按钮资源	 作者：李凡凡 	 日期：2019年08月02日','admin','2019-09-24 11:21:55','admin','2019-09-24 11:21:55'),
('bcb7a90342834633b69285a36bf03c45','1a4590b208eb4d8cb3bfb002ab94f312','/sys/{version}/message/sendMessage','/sys/v[1-9]/message/sendMessage','GET','发消息 作者： 彭晨 日期： 2019年9月9日','admin','2019-10-15 17:35:07','admin','2019-10-15 17:35:07'),
('bfb41e940fdf44c7929416dda74aa055','a4dc47b49d9243ac975689c4ee6ac170','/sys/{version}/users','/sys/v[1-9]/users','POST','添加用户		作者:李凡凡		日期 : 2019-07-17','admin','2019-10-16 14:06:20','admin','2019-10-16 14:06:20'),
('bff3044fd92444c7bc73ee03f558774c','c0b98e213c24457fb66a985524c21556','/sys/{version}/employees','/sys/v[1-9]/employees','PUT','修改员工   作者：彭晨   日期：2019-7-19','admin','2019-10-11 11:31:23','admin','2019-10-11 11:31:23'),
('c1fdde30358241f6b99000c838dd2730','85d1599f30dc4359955ce471043a3f98','/sys/{version}/roles/users','/sys/v[1-9]/roles/users','GET','获取某个角色下的用户  作者： 雷阳军 日期： 2019年7月18日','admin','2019-09-24 11:35:26','admin','2019-09-24 11:35:26'),
('c3e466ed3ed640cbb3526669c72c0ff1','96743aa43e0c426291f7f6e4a764fac6','/sys/{version}/codes/{id}','/sys/v[1-9]/codes/[a-zA-Z0-9\\-]+$','DELETE','删除码表   作者： 雷阳军 日期： 2019年7月18日','admin','2019-09-24 11:44:53','admin','2019-09-24 11:44:53'),
('c588c03282e749ec983e743ef37ab3e5','0e1439971f904ac195354dab4a0e78e0','/task/{version}/task/{id}','/task/v[1-9]/task/[a-zA-Z0-9\\-]+$','DELETE','删除任务		作者:李凡凡		日期 : 2019-08-28','admin','2019-09-24 11:24:01','admin','2019-09-24 11:24:01'),
('c72aa087d621433e97f6895837217e01','a1c159f45c8643e19646c3e95af5c625','/sys/{version}/message/refreshMessage','/sys/v[1-9]/message/refreshMessage','GET','刷新消息 作者： 彭晨 日期： 2019年9月9日','admin','2019-10-11 11:24:43','admin','2019-10-11 11:24:43'),
('c96faa2de52f46938eabd78124b71076','c2418c3e93bb414e92a03a0549772269','/sys/{version}/codes/values','/sys/v[1-9]/codes/values','POST','保存码值 作者： 雷阳军 日期： 2019年7月19日','admin','2019-09-24 11:44:53','admin','2019-09-24 11:44:53'),
('c9cf39e5e39c47e1a155890700981d3f','85d1599f30dc4359955ce471043a3f98','/sys/{version}/roles/buttons','/sys/v[1-9]/roles/buttons','POST','给角色添加按钮  作者： 彭晨 日期： 2019年7月24日','admin','2019-09-24 11:35:26','admin','2019-09-24 11:35:26'),
('cb2bec05868f4c4382e45b5a069ca7da','57a11ef619b246e9b446fadd1c5c76df','/sys/{version}/employees/{empId}','/sys/v[1-9]/employees/[a-zA-Z0-9\\-]+$','GET','根据员工id查找员工信息  作者：彭晨   日期：2019-7-18','admin','2019-10-11 11:31:23','admin','2019-10-11 11:31:23'),
('cba35bd4934e4097b5320d05c4589f9d','5047576db2a042f7a3d340b692185847','/sys/{version}/config/security','/sys/v[1-9]/config/security','POST','添加密码基本配置信息	作者:李凡凡		日期 : 2019-07-26','admin','2019-09-24 11:11:37','admin','2019-09-24 11:11:37'),
('cbe049ded7fc47779ca9532a06d55838','e3dda225f9ae497097f1232d25f59606','/sys/{version}/users/menus/buttons/{menuid}','/sys/v[1-9]/users/menus/buttons/[a-zA-Z0-9\\-]+$','GET','查询用户下菜单的按钮 作者：彭晨 日期：2019年7月25日','admin','2019-10-11 09:45:06','admin','2019-10-11 09:45:06'),
('ccd75964375a4fb1ab92a1723b5d1df3','96743aa43e0c426291f7f6e4a764fac6','/sys/{version}/codes','/sys/v[1-9]/codes','POST','保存码表 作者： 雷阳军 日期： 2019年7月19日','admin','2019-09-24 11:44:53','admin','2019-09-24 11:44:53'),
('cea265247394423e8aef56079406da75','19ac5fe3dcdb413aa785ef2b847cd4ae','/sys/{version}/message/msgCount','/sys/v[1-9]/message/msgCount','GET','统计消息计数 作者： 彭晨 日期： 2019年9月9日','admin','2019-10-15 17:16:26','admin','2019-10-15 17:16:26'),
('cf098f96fcc14d4b9624073c60f13a33','72f2389a68344bbe9f97d82f3d14d192','/sys/{version}/logrecords/operation','/sys/v[1-9]/logrecords/operation','GET','获取操作日志		作者 :李凡凡    日期 : 2019-10-08','admin','2019-10-11 11:36:06','admin','2019-10-11 11:36:06'),
('cfbce327387b42c6893a413fff81d565','96743aa43e0c426291f7f6e4a764fac6','/sys/{version}/codes/values/{id}','/sys/v[1-9]/codes/values/[a-zA-Z0-9\\-]+$','GET','根据ID获取码值   作者： 雷阳军 日期： 2019年7月18日','admin','2019-09-24 11:44:53','admin','2019-09-24 11:44:53'),
('d065d24b4c6a494b814aefab67536e81','e97f2f0532064d35baf35223d972e386','/sys/{version}/codes/page','/sys/v[1-9]/codes/page','GET','获取码表分页 作者： 雷阳军 日期： 2019年7月18日','admin','2019-09-24 14:18:55','admin','2019-09-24 14:18:55'),
('d0d4c25149d74585874289a30ba0a846','b2f6c4860e9a4c87991ba5ae475fdea3','/sys/{version}/users/userInfo','/sys/v[1-9]/users/userInfo','GET','查询当前用户信息		作者 :李凡凡    日期 : 2019-07-25','admin','2019-10-16 14:06:20','admin','2019-10-16 14:06:20'),
('daa926412eb946f39918f430e7911791','179990dc7ec74dbca7de65c9cb1d732a','/sys/{version}/units/import/{cover}/{unitid}','/sys/v[1-9]/units/import/[a-zA-Z0-9\\-]+$/[a-zA-Z0-9\\-]+$','POST','导入机构信息		作者 :李凡凡    日期 : 2019-09-09','admin','2019-10-11 11:33:21','admin','2019-10-11 11:33:21'),
('db154236cbe64adc83cdbf3477d732cc','c6e22b211d974cb8be59accf1b655727','/sys/{version}/units/{id}','/sys/v[1-9]/units/[a-zA-Z0-9\\-]+$','DELETE','删除机构 作者：彭晨   日期：2019-7-17','admin','2019-10-11 11:33:21','admin','2019-10-11 11:33:21'),
('dd1c6dd81dff40d5b092727ec50cf11c','176158f9af634bdd9329f80dc05f72c2','sys/{version}/menus','sys/v[1-9]/menus','PUT',NULL,'admin','2019-09-24 11:21:55','admin','2019-09-24 11:21:55'),
('df6fe45350e1421a9e93c16b5d1d0f16','0b6afdef4a9f4cd78b537645c2afcdf0','/sys/{version}/roles/buttons/{roleid}','/sys/v[1-9]/roles/buttons/[a-zA-Z0-9\\-]+$','DELETE','删除用户下所有的按钮  作者： 彭晨 日期： 2019年8月13日','admin','2019-09-24 11:21:55','admin','2019-09-24 11:21:55'),
('e21430a472ad4a54aebe73b611c7b6f1','1a4590b208eb4d8cb3bfb002ab94f312','/sys/{version}/message/notice','/sys/v[1-9]/message/notice','GET','刷新消息 作者： 彭晨 日期： 2019年9月9日','admin','2019-10-15 17:35:07','admin','2019-10-15 17:35:07'),
('e424e60d123e43a1b4be802d907082c7','85d1599f30dc4359955ce471043a3f98','/sys/{version}/roles/buttons','/sys/v[1-9]/roles/buttons','DELETE','根据角色按钮关联表删除某个角色下某些按钮  作者： 彭晨 日期： 2019年7月24日','admin','2019-09-24 11:35:26','admin','2019-09-24 11:35:26'),
('e7f815faf1d943ceade53975daca8432','15b393c7fecc440c83c5fb1c5a01b48a','/sys/{version}/units','/sys/v[1-9]/units','POST','插入机构  作者：彭晨   日期：2019-7-17','admin','2019-10-11 11:33:21','admin','2019-10-11 11:33:21'),
('e9e18092963447529750b42b8a381107','0e40ef762ce44b82bcc41868194accdd','/sys/{version}/menus/buttons/tree','/sys/v[1-9]/menus/buttons/tree','GET','查询所有菜单及其按钮 树状结构	 作者：付伟恒 	 日期：2019年08月06日','admin','2019-09-24 11:21:55','admin','2019-09-24 11:21:55'),
('ed1f0ce32e8a4b5881b79fd14ed0ceb8','47339cb4422a4fe2ad59d77b76e996a1','/sys/{version}/employees','/sys/v[1-9]/employees','POST','插入员工   作者：彭晨   日期：2019-7-19','admin','2019-10-11 11:31:23','admin','2019-10-11 11:31:23'),
('ed2ed8bca1ac48a099231f5a0e68e134','c6e04c20ff5e4a6ba01aee6350acf893','/sys/{version}/roles/ranks/page','/sys/v[1-9]/roles/ranks/page','GET','获取角色级别分页对象 作者： 雷阳军 日期： 2019年7月18日','admin','2019-09-24 11:37:06','admin','2019-09-24 11:37:06'),
('ee747b01a0414a85af9f3f9b3513c235','4d5932433fd64c31900e0ba8d9e54eb8','/sys/{version}/roles/page','/sys/v[1-9]/roles/page','GET','获取角色分页 作者： 雷阳军 日期： 2019年7月18日','admin','2019-09-24 11:35:26','admin','2019-09-24 11:35:26'),
('efaec37862a646ed98ec8958d9521791','19ac5fe3dcdb413aa785ef2b847cd4ae','/sys/{version}/message/typeList','/sys/v[1-9]/message/typeList','GET','查找消息类型集合 作者： 彭晨 日期： 2019年9月6日','admin','2019-10-15 17:16:26','admin','2019-10-15 17:16:26'),
('f0cd19f1803e4dbb8010125b8be9c306','b2f6c4860e9a4c87991ba5ae475fdea3','/sys/{version}/users/{id}','/sys/v[1-9]/users/[a-zA-Z0-9\\-]+$','GET','查询单条用户基本信息		作者 :李凡凡    日期 : 2019-07-26','admin','2019-10-16 14:06:20','admin','2019-10-16 14:06:20'),
('f2726d880605450d9d0c702614e59eaf','b2f6c4860e9a4c87991ba5ae475fdea3','/sys/{version}/users/passwords/validity/mail','/sys/v[1-9]/users/passwords/validity/mail','GET','密码有效期提醒(邮件)		作者 :李凡凡    日期 : 2019-09-19','admin','2019-10-16 14:06:20','admin','2019-10-16 14:06:20'),
('f5c7a4773d054f58910c1b060135d138','1a4590b208eb4d8cb3bfb002ab94f312','/sys/{version}/message/typeList','/sys/v[1-9]/message/typeList','GET','查找消息类型集合 作者： 彭晨 日期： 2019年9月6日','admin','2019-10-15 17:35:07','admin','2019-10-15 17:35:07'),
('f5e8fc6da3b94b9583d91a7e4d1d5787','85d1599f30dc4359955ce471043a3f98','/sys/{version}/roles/ranks/{id}','/sys/v[1-9]/roles/ranks/[a-zA-Z0-9\\-]+$','DELETE','删除角色级别   作者： 雷阳军 日期： 2019年7月18日','admin','2019-09-24 11:35:26','admin','2019-09-24 11:35:26'),
('f6270d995e15460a85dd325b4b6b47ea','d727495810844512a326be6a1e613503','/task/{version}/task/page','/task/v[1-9]/task/page','GET','获取任务列表(分页)		作者:李凡凡		日期 : 2019-08-28','admin','2019-09-24 11:24:01','admin','2019-09-24 11:24:01'),
('f826f1e5099c453fa4f8bf038dd8054b','0e40ef762ce44b82bcc41868194accdd','/sys/{version}/users/menus','/sys/v[1-9]/users/menus','GET','查询用户下的菜单树 作者：彭晨 日期：2019年7月25日','admin','2019-09-24 11:21:55','admin','2019-09-24 11:21:55'),
('fb6f3e93d7e54887b8548538eb4ed06a','a1c159f45c8643e19646c3e95af5c625','/sys/{version}/message/messageType','/sys/v[1-9]/message/messageType','DELETE','删除消息类型 作者： 彭晨 日期： 2019年9月9日','admin','2019-10-11 11:24:43','admin','2019-10-11 11:24:43'),
('fc8447c6488d4463b7a6a26fb5aaa23a','ede5add4cf8a4c27b4be0e7b5165879c','/sys/{version}/codes/values','/sys/v[1-9]/codes/values','GET','获取匹配的码值 作者： 雷阳军 日期： 2019年7月18日','admin','2019-09-24 11:44:53','admin','2019-09-24 11:44:53'),
('fcc2713d9fb04f70a52ab76b38db8588','19ac5fe3dcdb413aa785ef2b847cd4ae','/sys/{version}/message/send','/sys/v[1-9]/message/send','GET','查找单个消息类型 作者： 彭晨 日期： 2019年9月6日','admin','2019-10-15 17:16:26','admin','2019-10-15 17:16:26'),
('fcd1a77a44f04a4295899efdd21918a0','96743aa43e0c426291f7f6e4a764fac6','/sys/{version}/codes/values','/sys/v[1-9]/codes/values','GET','获取匹配的码值 作者： 雷阳军 日期： 2019年7月18日','admin','2019-09-24 11:44:53','admin','2019-09-24 11:44:53'),
('fdcb16c23df84f71a70b0b4cf563f49e','3e4a18bb0a774517ba7a2cd10f28d7bb','string','string','string','string','admin','2019-10-10 19:11:24','admin','2019-10-10 19:11:24'),
('fdd258bb0fd84292928bd322580d5062','dddb3b842bd8422aa97d6bc0240bebce','/sys/{version}/units','/sys/v[1-9]/units','PUT','修改机构 作者：彭晨   日期：2019-7-17','admin','2019-10-11 11:33:21','admin','2019-10-11 11:33:21'),
('ff24f77457f4422b888c24f8dcbd2e8f','8ea50ceb5e524219bbdef27168dc1714','/sys/{version}/logrecords/access','/sys/v[1-9]/logrecords/access','GET','获取访问日志		作者 :李凡凡    日期 : 2019-10-08','admin','2019-10-11 11:35:41','admin','2019-10-11 11:35:41'),
('ff501bb08e3a423f8558307e8f24983a','a1c159f45c8643e19646c3e95af5c625','/sys/{version}/message/saveMessageType','/sys/v[1-9]/message/saveMessageType','POST','添加消息类型 作者： 彭晨 日期： 2019年9月9日','admin','2019-10-11 11:24:43','admin','2019-10-11 11:24:43');


/*Data for the table `sys_client` */

INSERT  IGNORE `sys_client`(`id`,`code`,`name`,`keyt`,`refresh`,`rowNo`,`valid`,`creator`,`createTime`,`editor`,`editTime`) VALUES 
('dc709e608b6443408a4b22f62c08ae93','webApp','web应用','dc709e608b6443408a4b22f62c08ae93',3000,10,1,'admin','2019-07-05 10:37:30','admin','2019-07-05 10:37:38');


/*Data for the table `sys_code` */

INSERT  IGNORE `sys_code`(`id`,`code`,`name`,`description`,`valid`,`creator`,`createTime`,`editor`,`editTime`,`rowno`) VALUES 
('3e6e793ccd2611e98af2005056b6b8b0','service','系统服务','系统服务',1,'admin','2019-09-02 10:07:09','admin','2019-09-02 10:07:09',NULL),
('7179c369c48c47a6a18253363d590e09','zjlb','证件类别',NULL,1,'admin','2019-08-13 14:20:47','admin','2019-08-13 14:20:47',0),
('9b6d2731cf8a11e98af2005056b6b8b0','mqmodel','消息模式','消息模式',1,'admin','2019-09-05 11:10:19','admin','2019-09-05 11:10:22',20),
('af9d9e44cefe11e98af2005056b6b8b0','xfz','消费者种类','消费者种类',1,NULL,'2019-09-04 18:29:31',NULL,'2019-09-04 18:29:31',NULL),
('c9355f20cd2411e98af2005056b6b8b0','loglevel','日志级别','日志级别',1,'admin','2019-09-02 09:57:23','admin','2019-09-02 09:57:23',20);

/*Data for the table `sys_menu` */

INSERT  IGNORE `sys_menu`(`id`,`pid`,`code`,`name`,`ename`,`cname`,`link`,`icon`,`description`,`genre`,`rowNo`,`child_display`,`valid`,`creator`,`createTime`,`editor`,`editTime`) values 
('010f56cfb36c11e98af2005056b6b8b0','92e41fe5419b4cbfb814323443cbe414','JCJS','基础角色','Basic roles','基礎角色','/plat/infrastructure.html#/businessRole?type=1',NULL,'基础角色','2',10,1,1,'admin','2019-07-31 16:21:52','admin','2019-07-31 16:21:58'),
('101ea1af050643daaaf2804d27777f51',NULL,'RZGL','日志管理','Log management','日志管理','/plat/logs.html#/',NULL,NULL,NULL,10,1,1,NULL,'2019-08-07 18:59:24','admin','2019-08-07 18:59:24'),
('1230ba2b25fb48898df9265c9e98865c',NULL,'GRGZ','个人工作','Personal work','個人工作','/plat/personawork.html#/',NULL,NULL,NULL,20,1,1,'admin','2019-09-06 10:58:00','admin','2019-09-06 10:58:00'),
('1d2a4a7b1dd845c5b91171961f115d6a','101ea1af050643daaaf2804d27777f51','CZRZ','操作日志',NULL,NULL,'/plat/log.html#/log/operate',NULL,NULL,NULL,40,1,1,'admin','2019-10-11 11:11:20','admin','2019-10-11 11:11:20'),
('2957198fc1004e2694c16a1a83a506a3','8c9aa0e060df433b8d86329ebd7dfd73','RWPZ','任务配置','\r\nTask configuration','任務配置','/plat/infrastructure.html#/taskJobRunning',NULL,NULL,NULL,NULL,1,1,'admin','2019-09-11 10:30:53','admin','2019-09-11 10:30:53'),
('32278c7896014f35bdfac428432bde30','fad84aaba3734b8caf212930faa6c4ba','SXLB','事项类别','Item category','事項類別','/plat/notification.html#/eventType?mode=1',NULL,NULL,NULL,NULL,1,1,'admin','2019-09-11 11:35:17','admin','2019-09-11 11:35:17'),
('3a15f5a3e0c94a058c58e4ebc78209e0','6cddc77cf0dc43898d6a78557c95b82b','RWZC','任务注册','Task registration','任務註冊','/plat/task.html#/task_reg',NULL,'任务注册','1',10,1,1,'admin','2019-07-26 16:12:26','admin','2019-07-26 16:12:26'),
('474c8f05b36c11e98af2005056b6b8b0','92e41fe5419b4cbfb814323443cbe414','JSJB','角色分类','Role Leve','角色级别','/plat/infrastructure.html#/businessRoleCategory?type=1',NULL,'角色级别','2',10,1,1,'admin','2019-07-31 16:23:12','admin','2019-07-31 16:23:18'),
('4b72c87fd9e84eb7bcca8197aa95d26f','101ea1af050643daaaf2804d27777f51','DLRZ','登录日志',NULL,NULL,'/plat/log.html#/log/login',NULL,NULL,NULL,20,1,1,'admin','2019-10-11 11:09:56','admin','2019-10-11 11:09:56'),
('4ea7edcb986d4cfabb9257bd68d954e1','b3fd8b2136314beeaab75626c4258eea','XZQ','行政区',NULL,NULL,'/plat/setting.html#/provinces',NULL,NULL,NULL,10,1,1,'admin','2019-10-17 11:11:18','admin','2019-10-17 11:11:18'),
('58ee40f5b2c411e98af2005056b6b8b0','5b0491afb90311e98af2005056b6b8b0','XTPZ','系统配置','System configuration','系統配置','/plat/infrastructure.html#/system',NULL,'系统配置','1',10,1,1,'admin','2019-07-30 20:25:46','admin','2019-07-30 20:25:54'),
('5b0491afb90311e98af2005056b6b8b0',NULL,'XTGL','系统管理','System management','系统管理','/plat/infrastructure.html#/',NULL,NULL,'0',30,1,1,'admin','2019-08-07 19:08:03','admin','2019-08-07 19:08:10'),
('5bb5923077ae406d9aa248bd2c76edd6','string','string','string',NULL,NULL,'string','string','string','string',60,2,1,'admin','2019-10-10 16:51:19','admin','2019-10-10 16:51:19'),
('62febba386194ff4972fa2468401c6d1','5b0491afb90311e98af2005056b6b8b0','CDGL','菜单管理','Menu management','菜單管理','/plat/infrastructure.html#/menu',NULL,'菜单管理','1',20,1,1,'admin','2019-07-26 15:07:05','admin','2019-07-26 15:07:05'),
('70b79619b2bc11e98af2005056b6b8b0','c54f14217192410398990366df7a2ef3','MZ','码值','CodeValue','碼值','/plat/infrastructure.html#/values',NULL,'码值','2',10,1,1,'admin','2019-07-30 19:23:34','admin','2019-07-30 19:23:34'),
('7163f1b992d54d7ea0fd6500d63ddfc2','101ea1af050643daaaf2804d27777f51','FWRZ','访问日志',NULL,NULL,'/plat/log.html#/log/access',NULL,NULL,NULL,30,1,1,'admin','2019-10-11 11:10:54','admin','2019-10-11 11:10:54'),
('736c6ff708ee489a86b9e3333a3f9fa0','1230ba2b25fb48898df9265c9e98865c','WDXX','我的消息','My news','我的消息','/plat/personawork.html#/center',NULL,NULL,NULL,NULL,1,1,'admin','2019-09-06 11:00:37','admin','2019-09-06 11:00:37'),
('820f2e6969524c88bcae3bcd5dbb2a45','8c9aa0e060df433b8d86329ebd7dfd73','tasklog','调度日志','Dispatch log','調度日志','/plat/infrastructure.html#/taskJobLog',NULL,NULL,NULL,NULL,1,1,'admin','2019-09-11 10:36:46','admin','2019-09-11 10:36:46'),
('89976ce3930543f78d3f4847b68f66d0','58ee40f5b2c411e98af2005056b6b8b0','AQPZ','安全策略配置','Security configuration','安全配置','/plat/infrastructure.html#/system',NULL,'安全配置','2',10,1,1,'admin','2019-07-26 15:11:24','admin','2019-07-26 15:11:24'),
('8c9aa0e060df433b8d86329ebd7dfd73','5b0491afb90311e98af2005056b6b8b0','RWGL','任务管理','Task management','任務管理','/plat/infrastructure.html#/taskJobRunning',NULL,NULL,NULL,50,1,1,'admin','2019-08-29 10:25:25','admin','2019-08-29 10:25:25'),
('92e41fe5419b4cbfb814323443cbe414','5b0491afb90311e98af2005056b6b8b0','JSGL','角色管理','Role Management','角色管理','/plat/infrastructure.html#/role',NULL,'角色管理','1',30,1,1,'admin','2019-07-26 15:03:19','admin','2019-07-26 15:03:19'),
('b3fd8b2136314beeaab75626c4258eea',NULL,'JCSZ','基础设置',NULL,NULL,'/plat/setting.html#/',NULL,NULL,NULL,15,1,1,'admin','2019-10-17 11:09:35','admin','2019-10-17 11:09:35'),
('be5c082a83fb4e2cafaa6b6f6200b4d8','5b0491afb90311e98af2005056b6b8b0','YHGL','用户管理','User Management','用戶管理','/plat/infrastructure.html#/user',NULL,'用户管理','1',51,1,1,'admin','2019-07-26 14:59:10','admin','2019-07-26 14:59:10'),
('c16c4f0892c2498daaa01efe03086ebb','fad84aaba3734b8caf212930faa6c4ba','TZLB','通知类别','Notification category','通知類別','/plat/notification.html#/notificationType?mode=2',NULL,NULL,NULL,NULL,1,1,'admin','2019-09-11 11:34:15','admin','2019-09-11 11:34:15'),
('c54f14217192410398990366df7a2ef3','5b0491afb90311e98af2005056b6b8b0','MBGL','码表管理','Dict Management','碼表管理','/plat/infrastructure.html#/dict',NULL,'码表管理','1',80,1,1,'admin','2019-07-26 15:08:43','admin','2019-07-26 15:08:43'),
('c7e309e520da4b1bb16379b2341667e2','101ea1af050643daaaf2804d27777f51','XTRZ','系统日志','System log','系統日志','/plat/log.html#/log/system',NULL,NULL,NULL,10,1,1,'admin','2019-09-02 09:41:39','admin','2019-09-02 09:41:39'),
('d1b8d86ab2c811e98af2005056b6b8b0','c54f14217192410398990366df7a2ef3','MB','码表','Code','碼表','/plat/infrastructure.html#/dict',NULL,'码表','2',10,1,1,'admin','2019-07-30 20:54:41','admin','2019-07-30 20:54:45'),
('d4b001a7b33311e98af2005056b6b8b0','62febba386194ff4972fa2468401c6d1','CD','菜单(PC)','Menu(PC)','菜單(PC)','/plat/infrastructure.html#/menu',NULL,'菜单','2',10,1,1,'admin','2019-07-31 09:40:00','admin','2019-07-31 09:40:04'),
('e732d833e5584c7caa5b57959818eaaf','5b0491afb90311e98af2005056b6b8b0','YGGL','员工管理','Employee management','員工管理','/plat/infrastructure.html#/employee',NULL,'员工管理','1',60,2,1,'admin','2019-07-26 15:09:54','admin','2019-07-26 15:09:54'),
('ebbee380b2c411e98af2005056b6b8b0','58ee40f5b2c411e98af2005056b6b8b0','KHDPZ','客户端配置','Client configuration','客戶端配置','/plat/infrastructure.html#/client',NULL,'客户端配置','2',10,1,1,'admin','2019-07-30 20:26:16','admin','2019-07-30 20:26:21'),
('ef48237c4e604ecea798889ef5a8bf94','5b0491afb90311e98af2005056b6b8b0','ZZJGGL','组织机构管理','Organization management','組織機構管理','/plat/infrastructure.html#/structure',NULL,'组织机构管理','1',70,1,1,'admin','2019-07-26 15:10:41','admin','2019-07-26 15:10:41'),
('fad84aaba3734b8caf212930faa6c4ba',NULL,'TZZX','通知中心','Notice center','通知中心','/plat/notification.html#/',NULL,NULL,NULL,48,1,1,'admin','2019-09-11 11:32:17','admin','2019-09-11 11:32:17'),
('fc71320465684d6183ce58491e31f339','101ea1af050643daaaf2804d27777f51','YCRZ','异常日志',NULL,NULL,'/plat/log.html#/log/exception',NULL,NULL,NULL,50,1,1,'admin','2019-10-11 11:12:44','admin','2019-10-11 11:12:44');

/*Data for the table `sys_menu_button` */

INSERT IGNORE  `sys_menu_button`(`id`,`menuId`,`buttonId`,`url`,`method`,`rowNo`,`valid`,`creator`,`createTime`,`editor`,`editTime`) values 
('015bfa86fdcd494bac7b1883e03b64d4','2b93034c82be43cab0ed7d6f70016b4b','f706dda22c9e4678bed918d3a88bb62e',NULL,NULL,NULL,1,'admin','2019-09-03 14:33:57','admin','2019-09-03 14:33:57'),
('03307d2ea8d141bab7c3fb322990650d','636be22df6c34f898b633d68f891a237','f706dda22c9e4678bed918d3a88bb62e',NULL,NULL,NULL,1,'admin','2019-08-14 11:23:20','admin','2019-08-14 11:23:20'),
('063348531b5e4d46b2af58c96cb06bc9','a20d27dc0bea4782a15cbba07d6105a1','f706dda22c9e4678bed918d3a88bb62e',NULL,NULL,NULL,1,'admin','2019-10-11 10:24:03','admin','2019-10-11 10:24:03'),
('0b6afdef4a9f4cd78b537645c2afcdf0','d4b001a7b33311e98af2005056b6b8b0','04080a4a59814b2aab5211fe67d44a4b',NULL,NULL,NULL,1,'admin','2019-09-24 11:21:55','admin','2019-09-24 11:21:55'),
('0e1439971f904ac195354dab4a0e78e0','2957198fc1004e2694c16a1a83a506a3','04080a4a59814b2aab5211fe67d44a4b',NULL,NULL,NULL,1,'admin','2019-09-24 11:24:01','admin','2019-09-24 11:24:01'),
('0e40ef762ce44b82bcc41868194accdd','d4b001a7b33311e98af2005056b6b8b0','f706dda22c9e4678bed918d3a88bb62e',NULL,NULL,NULL,1,'admin','2019-09-24 11:21:55','admin','2019-09-24 11:21:55'),
('0f645f2e9987478a809fac4ddba11ce5','32278c7896014f35bdfac428432bde30','60707b445cdd433b883be7c80821dbce',NULL,NULL,NULL,1,'admin','2019-09-11 14:24:35','admin','2019-09-11 14:24:35'),
('113c8758cb8a409daa542766bcd4dd40','32278c7896014f35bdfac428432bde30','f706dda22c9e4678bed918d3a88bb62e',NULL,NULL,NULL,1,'admin','2019-09-11 14:24:35','admin','2019-09-11 14:24:35'),
('15b393c7fecc440c83c5fb1c5a01b48a','ef48237c4e604ecea798889ef5a8bf94','60707b445cdd433b883be7c80821dbce',NULL,NULL,NULL,1,'admin','2019-10-11 11:33:21','admin','2019-10-11 11:33:21'),
('164ae4e15b064a6d8a917c82f410c6cf','ef48237c4e604ecea798889ef5a8bf94','5c766496cb0045348f46cf2e36f563c0',NULL,NULL,NULL,1,'admin','2019-10-11 11:33:21','admin','2019-10-11 11:33:21'),
('176158f9af634bdd9329f80dc05f72c2','d4b001a7b33311e98af2005056b6b8b0','d7357131c77e4d63a4c09938258d367e',NULL,NULL,NULL,1,'admin','2019-09-24 11:21:55','admin','2019-09-24 11:21:55'),
('179990dc7ec74dbca7de65c9cb1d732a','ef48237c4e604ecea798889ef5a8bf94','6e9d827acb1a459fb715983e91b29bee',NULL,NULL,NULL,1,'admin','2019-10-11 11:33:21','admin','2019-10-11 11:33:21'),
('19ac5fe3dcdb413aa785ef2b847cd4ae','736c6ff708ee489a86b9e3333a3f9fa0','f706dda22c9e4678bed918d3a88bb62e',NULL,NULL,NULL,1,'admin','2019-10-15 17:16:26','admin','2019-10-15 17:16:26'),
('1a4590b208eb4d8cb3bfb002ab94f312','1230ba2b25fb48898df9265c9e98865c','f706dda22c9e4678bed918d3a88bb62e',NULL,NULL,NULL,1,'admin','2019-10-15 17:35:07','admin','2019-10-15 17:35:07'),
('22d502dd83344f7c88f32e85c6cf8716','70b79619b2bc11e98af2005056b6b8b0','0761d73199804c53a65d157ed087dee2',NULL,NULL,NULL,1,'admin','2019-09-24 11:44:53','admin','2019-09-24 11:44:53'),
('255ce8ce302c489e944f1bf236c7a43b','89976ce3930543f78d3f4847b68f66d0','04080a4a59814b2aab5211fe67d44a4b',NULL,NULL,NULL,1,'admin','2019-09-24 11:11:37','admin','2019-09-24 11:11:37'),
('26dc3b2e212442d980e905e357b31b44','3a15f5a3e0c94a058c58e4ebc78209e0','60707b445cdd433b883be7c80821dbce','string','POST',10,1,'admin','2019-07-26 16:12:26','admin','2019-07-26 16:12:26'),
('272d7c1f716c4d91b799220606d0cc9b','d4b001a7b33311e98af2005056b6b8b0','60707b445cdd433b883be7c80821dbce',NULL,NULL,NULL,1,'admin','2019-09-24 11:21:55','admin','2019-09-24 11:21:55'),
('283de67615a5409398f9f1d721f8c0cf','4ea7edcb986d4cfabb9257bd68d954e1','f706dda22c9e4678bed918d3a88bb62e',NULL,NULL,NULL,1,'admin','2019-10-17 18:23:38','admin','2019-10-17 18:23:38'),
('290f08832b944a91ac7d3c3a01a3848d','92e41fe5419b4cbfb814323443cbe414','f706dda22c9e4678bed918d3a88bb62e',NULL,NULL,NULL,1,'admin','2019-10-11 11:30:19','admin','2019-10-11 11:30:19'),
('2c47962f3601440f9dae0161b2b54621','4b72c87fd9e84eb7bcca8197aa95d26f','f706dda22c9e4678bed918d3a88bb62e',NULL,NULL,NULL,1,'admin','2019-10-11 11:35:11','admin','2019-10-11 11:35:11'),
('2d1b7ca5f7354e0f9ee786616f20248b','91eefcb2316b41658366b39937161691','f706dda22c9e4678bed918d3a88bb62e',NULL,NULL,NULL,1,'admin','2019-10-16 14:04:37','admin','2019-10-16 14:04:37'),
('30cb4a5232054169819c2a75f0b4827a','c16c4f0892c2498daaa01efe03086ebb','f706dda22c9e4678bed918d3a88bb62e',NULL,NULL,NULL,1,'admin','2019-09-11 14:43:29','admin','2019-09-11 14:43:29'),
('30e1f3ded6544d35ac3b4f36c0025505','ebbee380b2c411e98af2005056b6b8b0','04080a4a59814b2aab5211fe67d44a4b',NULL,NULL,NULL,1,'admin','2019-09-24 11:12:52','admin','2019-09-24 11:12:52'),
('3277bfea5b5048ff8f6a19cca76c407a','7a30ad3ad4634d7f8276357ad9255791','f706dda22c9e4678bed918d3a88bb62e',NULL,NULL,NULL,1,'admin','2019-08-13 14:40:55','admin','2019-08-13 14:40:55'),
('36358195b3f54d67a8ca1e709b4a49fa','be5c082a83fb4e2cafaa6b6f6200b4d8','04080a4a59814b2aab5211fe67d44a4b',NULL,NULL,NULL,1,'admin','2019-10-16 14:06:20','admin','2019-10-16 14:06:20'),
('36a4977e21be4b83a5363966e7b33e73','c7e309e520da4b1bb16379b2341667e2','f706dda22c9e4678bed918d3a88bb62e',NULL,NULL,NULL,1,'admin','2019-10-11 11:26:16','admin','2019-10-11 11:26:16'),
('39e31cf1adaf40998af11d3cc887e516','c54f14217192410398990366df7a2ef3','f706dda22c9e4678bed918d3a88bb62e',NULL,NULL,NULL,1,'admin','2019-10-16 14:05:55','admin','2019-10-16 14:05:55'),
('3c3508a27b8a437585739a8342fcbd5f','010f56cfb36c11e98af2005056b6b8b0','d7357131c77e4d63a4c09938258d367e',NULL,NULL,NULL,1,'admin','2019-09-24 11:35:26','admin','2019-09-24 11:35:26'),
('3e3fd1d4f239435295a178549c0c38f6','fc71320465684d6183ce58491e31f339','f706dda22c9e4678bed918d3a88bb62e',NULL,NULL,NULL,1,'admin','2019-10-11 11:36:32','admin','2019-10-11 11:36:32'),
('3e4a18bb0a774517ba7a2cd10f28d7bb','5bb5923077ae406d9aa248bd2c76edd6','string',NULL,NULL,NULL,1,'admin','2019-10-10 19:11:24','admin','2019-10-10 19:11:24'),
('40a62735ad5443ba99b092d4bc8f683b','2957198fc1004e2694c16a1a83a506a3','60707b445cdd433b883be7c80821dbce',NULL,NULL,NULL,1,'admin','2019-09-24 11:24:01','admin','2019-09-24 11:24:01'),
('420bed7877a04de080a0ebba21008586','32278c7896014f35bdfac428432bde30','04080a4a59814b2aab5211fe67d44a4b',NULL,NULL,NULL,1,'admin','2019-09-11 14:24:35','admin','2019-09-11 14:24:35'),
('436c21ff37cd48a18e331b6538ea2288','92e41fe5419b4cbfb814323443cbe414','d7357131c77e4d63a4c09938258d367e',NULL,NULL,NULL,1,'admin','2019-10-11 11:30:19','admin','2019-10-11 11:30:19'),
('47339cb4422a4fe2ad59d77b76e996a1','e732d833e5584c7caa5b57959818eaaf','60707b445cdd433b883be7c80821dbce',NULL,NULL,NULL,1,'admin','2019-10-11 11:31:23','admin','2019-10-11 11:31:23'),
('4a36238c3b9b47cf82a88c8de4bf4f9f','e732d833e5584c7caa5b57959818eaaf','6e9d827acb1a459fb715983e91b29bee',NULL,NULL,NULL,1,'admin','2019-10-11 11:31:23','admin','2019-10-11 11:31:23'),
('4d5932433fd64c31900e0ba8d9e54eb8','010f56cfb36c11e98af2005056b6b8b0','f706dda22c9e4678bed918d3a88bb62e',NULL,NULL,NULL,1,'admin','2019-09-24 11:35:26','admin','2019-09-24 11:35:26'),
('5047576db2a042f7a3d340b692185847','89976ce3930543f78d3f4847b68f66d0','60707b445cdd433b883be7c80821dbce',NULL,NULL,NULL,1,'admin','2019-09-24 11:11:37','admin','2019-09-24 11:11:37'),
('56098ae72f694b2ba615a03855130178','92e41fe5419b4cbfb814323443cbe414','0761d73199804c53a65d157ed087dee2',NULL,NULL,NULL,1,'admin','2019-10-11 11:30:19','admin','2019-10-11 11:30:19'),
('57a11ef619b246e9b446fadd1c5c76df','e732d833e5584c7caa5b57959818eaaf','f706dda22c9e4678bed918d3a88bb62e',NULL,NULL,NULL,1,'admin','2019-10-11 11:31:23','admin','2019-10-11 11:31:23'),
('594b1a5b2fc14c9991edf47d1ad6deb9','8c9aa0e060df433b8d86329ebd7dfd73','f706dda22c9e4678bed918d3a88bb62e',NULL,NULL,NULL,1,'admin','2019-10-11 15:29:19','admin','2019-10-11 15:29:19'),
('61f47eb07d214637b6c8b968af932836','be5c082a83fb4e2cafaa6b6f6200b4d8','7f6cd91e492c4375812350257b2b555f',NULL,NULL,NULL,1,'admin','2019-10-16 14:06:20','admin','2019-10-16 14:06:20'),
('63431ad379764f2ca0472d09bc51398d','62febba386194ff4972fa2468401c6d1','f706dda22c9e4678bed918d3a88bb62e',NULL,NULL,NULL,1,'admin','2019-10-11 11:30:06','admin','2019-10-11 11:30:06'),
('6ae7c118be3144df8765545eed32658d','ebbee380b2c411e98af2005056b6b8b0','f706dda22c9e4678bed918d3a88bb62e',NULL,NULL,NULL,1,'admin','2019-09-24 11:12:52','admin','2019-09-24 11:12:52'),
('6c4f3f7319ac4f5ba6bf3d74c73b4a89','474c8f05b36c11e98af2005056b6b8b0','04080a4a59814b2aab5211fe67d44a4b',NULL,NULL,NULL,1,'admin','2019-09-24 11:37:06','admin','2019-09-24 11:37:06'),
('72f2389a68344bbe9f97d82f3d14d192','1d2a4a7b1dd845c5b91171961f115d6a','f706dda22c9e4678bed918d3a88bb62e',NULL,NULL,NULL,1,'admin','2019-10-11 11:36:06','admin','2019-10-11 11:36:06'),
('74cfaf297fa7436384f7b86fe44852e0','92e41fe5419b4cbfb814323443cbe414','60707b445cdd433b883be7c80821dbce',NULL,NULL,NULL,1,'admin','2019-10-11 11:30:19','admin','2019-10-11 11:30:19'),
('74d6f34597924a8bb4aba7f297eee532','a9441ce156db46bbb579d8648f1916a1','f706dda22c9e4678bed918d3a88bb62e',NULL,NULL,NULL,1,'admin','2019-08-30 10:57:06','admin','2019-08-30 10:57:06'),
('7909a7c191e04dc58c80b082b189fb9d','32278c7896014f35bdfac428432bde30','d7357131c77e4d63a4c09938258d367e',NULL,NULL,NULL,1,'admin','2019-09-11 14:24:35','admin','2019-09-11 14:24:35'),
('79c2a65dd0a247dfa7afe4040eb82dbc','010f56cfb36c11e98af2005056b6b8b0','60707b445cdd433b883be7c80821dbce',NULL,NULL,NULL,1,'admin','2019-09-24 11:35:26','admin','2019-09-24 11:35:26'),
('7b18627b4e51467e8607b5d9d90bba5e','c16c4f0892c2498daaa01efe03086ebb','d7357131c77e4d63a4c09938258d367e',NULL,NULL,NULL,1,'admin','2019-09-11 14:43:29','admin','2019-09-11 14:43:29'),
('80416f26c173463d89d9eb20c7c6ed40','89976ce3930543f78d3f4847b68f66d0','d7357131c77e4d63a4c09938258d367e',NULL,NULL,NULL,1,'admin','2019-09-24 11:11:37','admin','2019-09-24 11:11:37'),
('85d1599f30dc4359955ce471043a3f98','010f56cfb36c11e98af2005056b6b8b0','0761d73199804c53a65d157ed087dee2',NULL,NULL,NULL,1,'admin','2019-09-24 11:35:26','admin','2019-09-24 11:35:26'),
('86a25157cd3f4995b78abffd6ac1807a','d1b8d86ab2c811e98af2005056b6b8b0','60707b445cdd433b883be7c80821dbce',NULL,NULL,NULL,1,'admin','2019-09-24 14:18:55','admin','2019-09-24 14:18:55'),
('88cd6e46414440c296656629599cf555','c16c4f0892c2498daaa01efe03086ebb','60707b445cdd433b883be7c80821dbce',NULL,NULL,NULL,1,'admin','2019-09-11 14:43:29','admin','2019-09-11 14:43:29'),
('8ab8ca77a0fa4237bbfbe82f95fa4542','d4b001a7b33311e98af2005056b6b8b0','0761d73199804c53a65d157ed087dee2',NULL,NULL,NULL,1,'admin','2019-09-24 11:21:55','admin','2019-09-24 11:21:55'),
('8b44b328b1da11e98af2005056b6b8b0','65c07558de5646bcb0628ff67be2b5a7','f706dda22c9e4678bed918d3a88bb62e','string','GET',10,1,'admin','2019-07-29 16:26:30','admin','2019-07-29 16:26:30'),
('8df058f320644e98b36df8bc1c8aae18','70b79619b2bc11e98af2005056b6b8b0',NULL,NULL,NULL,NULL,1,'admin','2019-09-24 11:44:53','admin','2019-09-24 11:44:53'),
('8ea50ceb5e524219bbdef27168dc1714','7163f1b992d54d7ea0fd6500d63ddfc2','f706dda22c9e4678bed918d3a88bb62e',NULL,NULL,NULL,1,'admin','2019-10-11 11:35:41','admin','2019-10-11 11:35:41'),
('92165af25aa64d86b0425543187d9e38','474c8f05b36c11e98af2005056b6b8b0','d7357131c77e4d63a4c09938258d367e',NULL,NULL,NULL,1,'admin','2019-09-24 11:37:06','admin','2019-09-24 11:37:06'),
('93b5d714b1da11e98af2005056b6b8b0','3a15f5a3e0c94a058c58e4ebc78209e0','f706dda22c9e4678bed918d3a88bb62e','string','GET',10,1,'admin','2019-07-29 16:26:42','admin','2019-07-29 16:26:42'),
('96743aa43e0c426291f7f6e4a764fac6','70b79619b2bc11e98af2005056b6b8b0',NULL,NULL,NULL,NULL,1,'admin','2019-09-24 11:44:53','admin','2019-09-24 11:44:53'),
('9e01fe2b3df5404b9fb2b6cf09e576c3','be5c082a83fb4e2cafaa6b6f6200b4d8','5c766496cb0045348f46cf2e36f563c0',NULL,NULL,NULL,1,'admin','2019-10-16 14:06:20','admin','2019-10-16 14:06:20'),
('a038c7ceb3ae4f6f98148af01ed76fa2','b115de76671a4a359a88b26b086bb46d','f706dda22c9e4678bed918d3a88bb62e',NULL,NULL,NULL,1,'admin','2019-08-28 18:04:35','admin','2019-08-28 18:04:35'),
('a1c159f45c8643e19646c3e95af5c625','fad84aaba3734b8caf212930faa6c4ba','f706dda22c9e4678bed918d3a88bb62e',NULL,NULL,NULL,1,'admin','2019-10-11 11:24:43','admin','2019-10-11 11:24:43'),
('a2c166f6779e4ee4b9582ff64710c9a2','d1b8d86ab2c811e98af2005056b6b8b0','d7357131c77e4d63a4c09938258d367e',NULL,NULL,NULL,1,'admin','2019-09-24 14:18:55','admin','2019-09-24 14:18:55'),
('a4dc47b49d9243ac975689c4ee6ac170','be5c082a83fb4e2cafaa6b6f6200b4d8','60707b445cdd433b883be7c80821dbce',NULL,NULL,NULL,1,'admin','2019-10-16 14:06:20','admin','2019-10-16 14:06:20'),
('a5ecf9ad9392497aa7f31a63b5d9ba41','58ee40f5b2c411e98af2005056b6b8b0','f706dda22c9e4678bed918d3a88bb62e',NULL,NULL,NULL,1,'admin','2019-09-18 10:53:40','admin','2019-09-18 10:53:40'),
('a75a47bb17274a6489bbb448e8f4ad21','89976ce3930543f78d3f4847b68f66d0','f706dda22c9e4678bed918d3a88bb62e',NULL,NULL,NULL,1,'admin','2019-09-24 11:11:37','admin','2019-09-24 11:11:37'),
('a7ccdcaf6c2a4b68878c47cd4d804950','ef48237c4e604ecea798889ef5a8bf94','f706dda22c9e4678bed918d3a88bb62e',NULL,NULL,NULL,1,'admin','2019-10-11 11:33:21','admin','2019-10-11 11:33:21'),
('a858fdd123c84f06a31e7b36da7ad120','b3fd8b2136314beeaab75626c4258eea','f706dda22c9e4678bed918d3a88bb62e',NULL,NULL,NULL,1,'admin','2019-10-17 18:23:14','admin','2019-10-17 18:23:14'),
('aa42ad52374c45f9aac3bbab6720b2cd','be5c082a83fb4e2cafaa6b6f6200b4d8','6e9d827acb1a459fb715983e91b29bee',NULL,NULL,NULL,1,'admin','2019-10-16 14:06:20','admin','2019-10-16 14:06:20'),
('acdfaae797844635ba7e2020c21b1b0f','4ea7edcb986d4cfabb9257bd68d954e1','60707b445cdd433b883be7c80821dbce',NULL,NULL,NULL,1,'admin','2019-10-17 18:23:38','admin','2019-10-17 18:23:38'),
('ae0b206ec6fe453dac9079f5870a7dd9','ebbee380b2c411e98af2005056b6b8b0','d7357131c77e4d63a4c09938258d367e',NULL,NULL,NULL,1,'admin','2019-09-24 11:12:52','admin','2019-09-24 11:12:52'),
('b084f0175de7456fbd85c9a92bd21603','70b79619b2bc11e98af2005056b6b8b0',NULL,NULL,NULL,NULL,1,'admin','2019-09-24 11:44:53','admin','2019-09-24 11:44:53'),
('b2f6c4860e9a4c87991ba5ae475fdea3','be5c082a83fb4e2cafaa6b6f6200b4d8','f706dda22c9e4678bed918d3a88bb62e',NULL,NULL,NULL,1,'admin','2019-10-16 14:06:20','admin','2019-10-16 14:06:20'),
('b5ef1a67c90f4e9d923d2f3f49cb9277','820f2e6969524c88bcae3bcd5dbb2a45','f706dda22c9e4678bed918d3a88bb62e',NULL,NULL,NULL,1,'admin','2019-09-24 11:25:14','admin','2019-09-24 11:25:14'),
('b69cd489454a4688a57eb404ac3868f1','93257c5bdaa444049e8ffe065394784b','f706dda22c9e4678bed918d3a88bb62e',NULL,NULL,NULL,1,'admin','2019-08-14 11:20:37','admin','2019-08-14 11:20:37'),
('be6058472ca54f2bbe16e49f39298320','e732d833e5584c7caa5b57959818eaaf','5c766496cb0045348f46cf2e36f563c0',NULL,NULL,NULL,1,'admin','2019-10-11 11:31:23','admin','2019-10-11 11:31:23'),
('c0b98e213c24457fb66a985524c21556','e732d833e5584c7caa5b57959818eaaf','d7357131c77e4d63a4c09938258d367e',NULL,NULL,NULL,1,'admin','2019-10-11 11:31:23','admin','2019-10-11 11:31:23'),
('c2418c3e93bb414e92a03a0549772269','70b79619b2bc11e98af2005056b6b8b0','60707b445cdd433b883be7c80821dbce',NULL,NULL,NULL,1,'admin','2019-09-24 11:44:53','admin','2019-09-24 11:44:53'),
('c402ed9e8ef84da49fd19e7044bb3427','474c8f05b36c11e98af2005056b6b8b0','60707b445cdd433b883be7c80821dbce',NULL,NULL,NULL,1,'admin','2019-09-24 11:37:06','admin','2019-09-24 11:37:06'),
('c53bbeaf278940cc8ada40cbcb19306b','e732d833e5584c7caa5b57959818eaaf','04080a4a59814b2aab5211fe67d44a4b',NULL,NULL,NULL,1,'admin','2019-10-11 11:31:23','admin','2019-10-11 11:31:23'),
('c5aa51eeb2d24d97bdc3791feee23acc','4ea7edcb986d4cfabb9257bd68d954e1','5c766496cb0045348f46cf2e36f563c0',NULL,NULL,NULL,1,'admin','2019-10-17 18:23:38','admin','2019-10-17 18:23:38'),
('c6e04c20ff5e4a6ba01aee6350acf893','474c8f05b36c11e98af2005056b6b8b0','f706dda22c9e4678bed918d3a88bb62e',NULL,NULL,NULL,1,'admin','2019-09-24 11:37:06','admin','2019-09-24 11:37:06'),
('c6e22b211d974cb8be59accf1b655727','ef48237c4e604ecea798889ef5a8bf94','04080a4a59814b2aab5211fe67d44a4b',NULL,NULL,NULL,1,'admin','2019-10-11 11:33:21','admin','2019-10-11 11:33:21'),
('c863e638ee4449d0b8920c8e85b40785','c16c4f0892c2498daaa01efe03086ebb','04080a4a59814b2aab5211fe67d44a4b',NULL,NULL,NULL,1,'admin','2019-09-11 14:43:29','admin','2019-09-11 14:43:29'),
('c949ca9552b244d48425193f32926db7','2957198fc1004e2694c16a1a83a506a3','d7357131c77e4d63a4c09938258d367e',NULL,NULL,NULL,1,'admin','2019-09-24 11:24:01','admin','2019-09-24 11:24:01'),
('ca5bc4cf0e0648718b7110914cbcadf2','be5c082a83fb4e2cafaa6b6f6200b4d8','d7357131c77e4d63a4c09938258d367e',NULL,NULL,NULL,1,'admin','2019-10-16 14:06:20','admin','2019-10-16 14:06:20'),
('cd51658e46bc4136b966a1dd096d1bb1','b14d1d656bcc4c77b6842e2a524e5e68','string',NULL,NULL,NULL,1,NULL,'2019-08-14 15:56:14',NULL,'2019-08-14 15:56:14'),
('cec426e944604a4b8bd9cc1bb02ee9f6','4ea7edcb986d4cfabb9257bd68d954e1','04080a4a59814b2aab5211fe67d44a4b',NULL,NULL,NULL,1,'admin','2019-10-17 18:23:38','admin','2019-10-17 18:23:38'),
('d215c1241ca54399aa259633254bd771','4ea7edcb986d4cfabb9257bd68d954e1','d7357131c77e4d63a4c09938258d367e',NULL,NULL,NULL,1,'admin','2019-10-17 18:23:38','admin','2019-10-17 18:23:38'),
('d2537694137a4f78a5aab39039766eb4','d1b8d86ab2c811e98af2005056b6b8b0','04080a4a59814b2aab5211fe67d44a4b',NULL,NULL,NULL,1,'admin','2019-09-24 14:18:55','admin','2019-09-24 14:18:55'),
('d727495810844512a326be6a1e613503','2957198fc1004e2694c16a1a83a506a3','f706dda22c9e4678bed918d3a88bb62e',NULL,NULL,NULL,1,'admin','2019-09-24 11:24:01','admin','2019-09-24 11:24:01'),
('d7bf618aed1546cebec23d873e4da057','70b79619b2bc11e98af2005056b6b8b0','d7357131c77e4d63a4c09938258d367e',NULL,NULL,NULL,1,'admin','2019-09-24 11:44:53','admin','2019-09-24 11:44:53'),
('dddb3b842bd8422aa97d6bc0240bebce','ef48237c4e604ecea798889ef5a8bf94','d7357131c77e4d63a4c09938258d367e',NULL,NULL,NULL,1,'admin','2019-10-11 11:33:21','admin','2019-10-11 11:33:21'),
('dfa55e67baed4d1aa0192fa33bc9b1bf','101ea1af050643daaaf2804d27777f51','f706dda22c9e4678bed918d3a88bb62e',NULL,NULL,NULL,1,'admin','2019-09-17 18:07:02','admin','2019-09-17 18:07:02'),
('e0efe93b94b84d359711eb1add36229f','ebbee380b2c411e98af2005056b6b8b0','60707b445cdd433b883be7c80821dbce',NULL,NULL,NULL,1,'admin','2019-09-24 11:12:52','admin','2019-09-24 11:12:52'),
('e2be9ac64f3743fbb7e40388eec3eee0','bf1fb7eb0ad04fc8af1e5d5246824908','f706dda22c9e4678bed918d3a88bb62e',NULL,NULL,NULL,1,'admin','2019-09-05 12:12:16','admin','2019-09-05 12:12:16'),
('e34e6769eaac4a21b5186aad3d78967e','4ea7edcb986d4cfabb9257bd68d954e1','6e9d827acb1a459fb715983e91b29bee',NULL,NULL,NULL,1,'admin','2019-10-17 18:23:38','admin','2019-10-17 18:23:38'),
('e3dda225f9ae497097f1232d25f59606','5b0491afb90311e98af2005056b6b8b0','f706dda22c9e4678bed918d3a88bb62e',NULL,NULL,NULL,1,'admin','2019-10-11 09:45:06','admin','2019-10-11 09:45:06'),
('e97f2f0532064d35baf35223d972e386','d1b8d86ab2c811e98af2005056b6b8b0','f706dda22c9e4678bed918d3a88bb62e',NULL,NULL,NULL,1,'admin','2019-09-24 14:18:55','admin','2019-09-24 14:18:55'),
('ea3d4767c5254140b505557a31e5382a','c7e309e520da4b1bb16379b2341667e2','d7357131c77e4d63a4c09938258d367e',NULL,NULL,NULL,1,'admin','2019-10-11 11:26:16','admin','2019-10-11 11:26:16'),
('ede5add4cf8a4c27b4be0e7b5165879c','70b79619b2bc11e98af2005056b6b8b0','f706dda22c9e4678bed918d3a88bb62e',NULL,NULL,NULL,1,'admin','2019-09-24 11:44:53','admin','2019-09-24 11:44:53'),
('f4fadcc588694009b01a83bd1d217b5c','d5830dcc78a547feae54300c6b60dcbf','f706dda22c9e4678bed918d3a88bb62e',NULL,NULL,NULL,1,'admin','2019-08-13 14:38:01','admin','2019-08-13 14:38:01'),
('f8ca2db4e85a4a0b9cc1e27616f0ac7d','d2e7303ae4a347539ff610060337f2aa','f706dda22c9e4678bed918d3a88bb62e',NULL,NULL,NULL,1,'admin','2019-09-02 17:22:21','admin','2019-09-02 17:22:21'),
('f9deedd27bbe410bb2d7905a5f31e067','70b79619b2bc11e98af2005056b6b8b0','04080a4a59814b2aab5211fe67d44a4b',NULL,NULL,NULL,1,'admin','2019-09-24 11:44:53','admin','2019-09-24 11:44:53'),
('fb6983ac68534c5e8addc0f83500c5dc','92e41fe5419b4cbfb814323443cbe414','04080a4a59814b2aab5211fe67d44a4b',NULL,NULL,NULL,1,'admin','2019-10-11 11:30:19','admin','2019-10-11 11:30:19'),
('ff86616cd0bd465896b9bd2f5ace0841','bddb2b8e2bf74c6caa9a5e27d0ab3a68','f706dda22c9e4678bed918d3a88bb62e',NULL,NULL,NULL,1,'admin','2019-08-13 14:45:20','admin','2019-08-13 14:45:20'),
('ffb28a00450044f69006c4fe717eb3eb','010f56cfb36c11e98af2005056b6b8b0','04080a4a59814b2aab5211fe67d44a4b',NULL,NULL,NULL,1,'admin','2019-09-24 11:35:26','admin','2019-09-24 11:35:26');


/*Data for the table `sys_role` */

INSERT  IGNORE `sys_role`(`id`,`rolerank`,`code`,`name`,`description`,`rowNo`,`valid`,`creator`,`createTime`,`editor`,`editTime`) VALUES 
('35fd1ec9ac2d11e98af2005056b6b8b0','R10001','103','超级管理员','超级管理员具有最高权限可以管理所有角色',1,1,'admin','2019-07-22 11:02:59','admin','2019-07-22 11:02:59');

/*Data for the table `sys_role_button` */

INSERT  IGNORE `sys_role_button`(`id`,`roleId`,`menuId`,`buttonId`,`valid`,`creator`,`createTime`,`editor`,`editTime`) VALUES 
('6ba1c3ded85411e98af2005056b6b8b0','35fd1ec9ac2d11e98af2005056b6b8b0','2b93034c82be43cab0ed7d6f70016b4b','f706dda22c9e4678bed918d3a88bb62e',1,NULL,'2019-09-16 15:34:30',NULL,'2019-09-16 15:34:30'),
('6ba1d13cd85411e98af2005056b6b8b0','35fd1ec9ac2d11e98af2005056b6b8b0','5b0491afb90311e98af2005056b6b8b0','f706dda22c9e4678bed918d3a88bb62e',1,NULL,'2019-09-16 15:34:30',NULL,'2019-09-16 15:34:30'),
('6ba1d1fbd85411e98af2005056b6b8b0','35fd1ec9ac2d11e98af2005056b6b8b0','e732d833e5584c7caa5b57959818eaaf','d7357131c77e4d63a4c09938258d367e',1,NULL,'2019-09-16 15:34:30',NULL,'2019-09-16 15:34:30'),
('6ba1d292d85411e98af2005056b6b8b0','35fd1ec9ac2d11e98af2005056b6b8b0','e732d833e5584c7caa5b57959818eaaf','5c766496cb0045348f46cf2e36f563c0',1,NULL,'2019-09-16 15:34:30',NULL,'2019-09-16 15:34:30'),
('6ba1d317d85411e98af2005056b6b8b0','35fd1ec9ac2d11e98af2005056b6b8b0','e732d833e5584c7caa5b57959818eaaf','6e9d827acb1a459fb715983e91b29bee',1,NULL,'2019-09-16 15:34:30',NULL,'2019-09-16 15:34:30'),
('6ba1d386d85411e98af2005056b6b8b0','35fd1ec9ac2d11e98af2005056b6b8b0','e732d833e5584c7caa5b57959818eaaf','60707b445cdd433b883be7c80821dbce',1,NULL,'2019-09-16 15:34:30',NULL,'2019-09-16 15:34:30'),
('6ba1d400d85411e98af2005056b6b8b0','35fd1ec9ac2d11e98af2005056b6b8b0','e732d833e5584c7caa5b57959818eaaf','04080a4a59814b2aab5211fe67d44a4b',1,NULL,'2019-09-16 15:34:30',NULL,'2019-09-16 15:34:30'),
('6ba1d470d85411e98af2005056b6b8b0','35fd1ec9ac2d11e98af2005056b6b8b0','e732d833e5584c7caa5b57959818eaaf','f706dda22c9e4678bed918d3a88bb62e',1,NULL,'2019-09-16 15:34:30',NULL,'2019-09-16 15:34:30'),
('6ba20573d85411e98af2005056b6b8b0','35fd1ec9ac2d11e98af2005056b6b8b0','ef48237c4e604ecea798889ef5a8bf94','04080a4a59814b2aab5211fe67d44a4b',1,NULL,'2019-09-16 15:34:30',NULL,'2019-09-16 15:34:30'),
('6ba205f7d85411e98af2005056b6b8b0','35fd1ec9ac2d11e98af2005056b6b8b0','ef48237c4e604ecea798889ef5a8bf94','6e9d827acb1a459fb715983e91b29bee',1,NULL,'2019-09-16 15:34:30',NULL,'2019-09-16 15:34:30'),
('6ba20668d85411e98af2005056b6b8b0','35fd1ec9ac2d11e98af2005056b6b8b0','ef48237c4e604ecea798889ef5a8bf94','f706dda22c9e4678bed918d3a88bb62e',1,NULL,'2019-09-16 15:34:30',NULL,'2019-09-16 15:34:30'),
('6ba206cfd85411e98af2005056b6b8b0','35fd1ec9ac2d11e98af2005056b6b8b0','ef48237c4e604ecea798889ef5a8bf94','d7357131c77e4d63a4c09938258d367e',1,NULL,'2019-09-16 15:34:30',NULL,'2019-09-16 15:34:30'),
('6ba20736d85411e98af2005056b6b8b0','35fd1ec9ac2d11e98af2005056b6b8b0','ef48237c4e604ecea798889ef5a8bf94','60707b445cdd433b883be7c80821dbce',1,NULL,'2019-09-16 15:34:30',NULL,'2019-09-16 15:34:30'),
('6ba207c0d85411e98af2005056b6b8b0','35fd1ec9ac2d11e98af2005056b6b8b0','ef48237c4e604ecea798889ef5a8bf94','5c766496cb0045348f46cf2e36f563c0',1,NULL,'2019-09-16 15:34:30',NULL,'2019-09-16 15:34:30'),
('6ba20e9ed85411e98af2005056b6b8b0','35fd1ec9ac2d11e98af2005056b6b8b0','58ee40f5b2c411e98af2005056b6b8b0','f706dda22c9e4678bed918d3a88bb62e',1,NULL,'2019-09-16 15:34:30',NULL,'2019-09-16 15:34:30'),
('6ba20f18d85411e98af2005056b6b8b0','35fd1ec9ac2d11e98af2005056b6b8b0','ebbee380b2c411e98af2005056b6b8b0','f706dda22c9e4678bed918d3a88bb62e',1,NULL,'2019-09-16 15:34:30',NULL,'2019-09-16 15:34:30'),
('6ba20f81d85411e98af2005056b6b8b0','35fd1ec9ac2d11e98af2005056b6b8b0','ebbee380b2c411e98af2005056b6b8b0','60707b445cdd433b883be7c80821dbce',1,NULL,'2019-09-16 15:34:30',NULL,'2019-09-16 15:34:30'),
('6ba2113dd85411e98af2005056b6b8b0','35fd1ec9ac2d11e98af2005056b6b8b0','ebbee380b2c411e98af2005056b6b8b0','04080a4a59814b2aab5211fe67d44a4b',1,NULL,'2019-09-16 15:34:30',NULL,'2019-09-16 15:34:30'),
('6ba211b0d85411e98af2005056b6b8b0','35fd1ec9ac2d11e98af2005056b6b8b0','ebbee380b2c411e98af2005056b6b8b0','d7357131c77e4d63a4c09938258d367e',1,NULL,'2019-09-16 15:34:30',NULL,'2019-09-16 15:34:30'),
('6ba22f41d85411e98af2005056b6b8b0','35fd1ec9ac2d11e98af2005056b6b8b0','89976ce3930543f78d3f4847b68f66d0','f706dda22c9e4678bed918d3a88bb62e',1,NULL,'2019-09-16 15:34:30',NULL,'2019-09-16 15:34:30'),
('6ba2364cd85411e98af2005056b6b8b0','35fd1ec9ac2d11e98af2005056b6b8b0','89976ce3930543f78d3f4847b68f66d0','04080a4a59814b2aab5211fe67d44a4b',1,NULL,'2019-09-16 15:34:30',NULL,'2019-09-16 15:34:30'),
('6ba236f8d85411e98af2005056b6b8b0','35fd1ec9ac2d11e98af2005056b6b8b0','89976ce3930543f78d3f4847b68f66d0','60707b445cdd433b883be7c80821dbce',1,NULL,'2019-09-16 15:34:30',NULL,'2019-09-16 15:34:30'),
('6ba2375dd85411e98af2005056b6b8b0','35fd1ec9ac2d11e98af2005056b6b8b0','89976ce3930543f78d3f4847b68f66d0','d7357131c77e4d63a4c09938258d367e',1,NULL,'2019-09-16 15:34:30',NULL,'2019-09-16 15:34:30'),
('6ba252eed85411e98af2005056b6b8b0','35fd1ec9ac2d11e98af2005056b6b8b0','92e41fe5419b4cbfb814323443cbe414','04080a4a59814b2aab5211fe67d44a4b',1,NULL,'2019-09-16 15:34:30',NULL,'2019-09-16 15:34:30'),
('6ba253ead85411e98af2005056b6b8b0','35fd1ec9ac2d11e98af2005056b6b8b0','92e41fe5419b4cbfb814323443cbe414','f706dda22c9e4678bed918d3a88bb62e',1,NULL,'2019-09-16 15:34:30',NULL,'2019-09-16 15:34:30'),
('6ba254d8d85411e98af2005056b6b8b0','35fd1ec9ac2d11e98af2005056b6b8b0','92e41fe5419b4cbfb814323443cbe414','60707b445cdd433b883be7c80821dbce',1,NULL,'2019-09-16 15:34:30',NULL,'2019-09-16 15:34:30'),
('6ba255a4d85411e98af2005056b6b8b0','35fd1ec9ac2d11e98af2005056b6b8b0','92e41fe5419b4cbfb814323443cbe414','d7357131c77e4d63a4c09938258d367e',1,NULL,'2019-09-16 15:34:30',NULL,'2019-09-16 15:34:30'),
('6ba25661d85411e98af2005056b6b8b0','35fd1ec9ac2d11e98af2005056b6b8b0','92e41fe5419b4cbfb814323443cbe414','0761d73199804c53a65d157ed087dee2',1,NULL,'2019-09-16 15:34:30',NULL,'2019-09-16 15:34:30'),
('6ba25724d85411e98af2005056b6b8b0','35fd1ec9ac2d11e98af2005056b6b8b0','010f56cfb36c11e98af2005056b6b8b0','d7357131c77e4d63a4c09938258d367e',1,NULL,'2019-09-16 15:34:30',NULL,'2019-09-16 15:34:30'),
('6ba257e5d85411e98af2005056b6b8b0','35fd1ec9ac2d11e98af2005056b6b8b0','010f56cfb36c11e98af2005056b6b8b0','0761d73199804c53a65d157ed087dee2',1,NULL,'2019-09-16 15:34:30',NULL,'2019-09-16 15:34:30'),
('6ba25d71d85411e98af2005056b6b8b0','35fd1ec9ac2d11e98af2005056b6b8b0','010f56cfb36c11e98af2005056b6b8b0','f706dda22c9e4678bed918d3a88bb62e',1,NULL,'2019-09-16 15:34:30',NULL,'2019-09-16 15:34:30'),
('6ba25e5bd85411e98af2005056b6b8b0','35fd1ec9ac2d11e98af2005056b6b8b0','010f56cfb36c11e98af2005056b6b8b0','60707b445cdd433b883be7c80821dbce',1,NULL,'2019-09-16 15:34:30',NULL,'2019-09-16 15:34:30'),
('6ba25f22d85411e98af2005056b6b8b0','35fd1ec9ac2d11e98af2005056b6b8b0','010f56cfb36c11e98af2005056b6b8b0','04080a4a59814b2aab5211fe67d44a4b',1,NULL,'2019-09-16 15:34:30',NULL,'2019-09-16 15:34:30'),
('6ba270c7d85411e98af2005056b6b8b0','35fd1ec9ac2d11e98af2005056b6b8b0','474c8f05b36c11e98af2005056b6b8b0','f706dda22c9e4678bed918d3a88bb62e',1,NULL,'2019-09-16 15:34:30',NULL,'2019-09-16 15:34:30'),
('6ba271b4d85411e98af2005056b6b8b0','35fd1ec9ac2d11e98af2005056b6b8b0','474c8f05b36c11e98af2005056b6b8b0','60707b445cdd433b883be7c80821dbce',1,NULL,'2019-09-16 15:34:30',NULL,'2019-09-16 15:34:30'),
('6ba2731bd85411e98af2005056b6b8b0','35fd1ec9ac2d11e98af2005056b6b8b0','474c8f05b36c11e98af2005056b6b8b0','04080a4a59814b2aab5211fe67d44a4b',1,NULL,'2019-09-16 15:34:30',NULL,'2019-09-16 15:34:30'),
('6ba2740ed85411e98af2005056b6b8b0','35fd1ec9ac2d11e98af2005056b6b8b0','474c8f05b36c11e98af2005056b6b8b0','d7357131c77e4d63a4c09938258d367e',1,NULL,'2019-09-16 15:34:30',NULL,'2019-09-16 15:34:30'),
('6ba27d49d85411e98af2005056b6b8b0','35fd1ec9ac2d11e98af2005056b6b8b0','8c9aa0e060df433b8d86329ebd7dfd73','f706dda22c9e4678bed918d3a88bb62e',1,NULL,'2019-09-16 15:34:30',NULL,'2019-09-16 15:34:30'),
('6ba280dbd85411e98af2005056b6b8b0','35fd1ec9ac2d11e98af2005056b6b8b0','2957198fc1004e2694c16a1a83a506a3','60707b445cdd433b883be7c80821dbce',1,NULL,'2019-09-16 15:34:30',NULL,'2019-09-16 15:34:30'),
('6ba281b7d85411e98af2005056b6b8b0','35fd1ec9ac2d11e98af2005056b6b8b0','2957198fc1004e2694c16a1a83a506a3','04080a4a59814b2aab5211fe67d44a4b',1,NULL,'2019-09-16 15:34:30',NULL,'2019-09-16 15:34:30'),
('6ba28275d85411e98af2005056b6b8b0','35fd1ec9ac2d11e98af2005056b6b8b0','2957198fc1004e2694c16a1a83a506a3','f706dda22c9e4678bed918d3a88bb62e',1,NULL,'2019-09-16 15:34:30',NULL,'2019-09-16 15:34:30'),
('6ba2832cd85411e98af2005056b6b8b0','35fd1ec9ac2d11e98af2005056b6b8b0','2957198fc1004e2694c16a1a83a506a3','d7357131c77e4d63a4c09938258d367e',1,NULL,'2019-09-16 15:34:30',NULL,'2019-09-16 15:34:30'),
('6ba28c0ed85411e98af2005056b6b8b0','35fd1ec9ac2d11e98af2005056b6b8b0','820f2e6969524c88bcae3bcd5dbb2a45','f706dda22c9e4678bed918d3a88bb62e',1,NULL,'2019-09-16 15:34:30',NULL,'2019-09-16 15:34:30'),
('6ba294f4d85411e98af2005056b6b8b0','35fd1ec9ac2d11e98af2005056b6b8b0','be5c082a83fb4e2cafaa6b6f6200b4d8','f706dda22c9e4678bed918d3a88bb62e',1,NULL,'2019-09-16 15:34:30',NULL,'2019-09-16 15:34:30'),
('6ba2961dd85411e98af2005056b6b8b0','35fd1ec9ac2d11e98af2005056b6b8b0','be5c082a83fb4e2cafaa6b6f6200b4d8','6e9d827acb1a459fb715983e91b29bee',1,NULL,'2019-09-16 15:34:30',NULL,'2019-09-16 15:34:30'),
('6ba296e7d85411e98af2005056b6b8b0','35fd1ec9ac2d11e98af2005056b6b8b0','be5c082a83fb4e2cafaa6b6f6200b4d8','d7357131c77e4d63a4c09938258d367e',1,NULL,'2019-09-16 15:34:30',NULL,'2019-09-16 15:34:30'),
('6ba2979fd85411e98af2005056b6b8b0','35fd1ec9ac2d11e98af2005056b6b8b0','be5c082a83fb4e2cafaa6b6f6200b4d8','04080a4a59814b2aab5211fe67d44a4b',1,NULL,'2019-09-16 15:34:30',NULL,'2019-09-16 15:34:30'),
('6ba2986cd85411e98af2005056b6b8b0','35fd1ec9ac2d11e98af2005056b6b8b0','be5c082a83fb4e2cafaa6b6f6200b4d8','60707b445cdd433b883be7c80821dbce',1,NULL,'2019-09-16 15:34:30',NULL,'2019-09-16 15:34:30'),
('6ba29935d85411e98af2005056b6b8b0','35fd1ec9ac2d11e98af2005056b6b8b0','be5c082a83fb4e2cafaa6b6f6200b4d8','5c766496cb0045348f46cf2e36f563c0',1,NULL,'2019-09-16 15:34:30',NULL,'2019-09-16 15:34:30'),
('6ba29ab2d85411e98af2005056b6b8b0','35fd1ec9ac2d11e98af2005056b6b8b0','be5c082a83fb4e2cafaa6b6f6200b4d8','7f6cd91e492c4375812350257b2b555f',1,NULL,'2019-09-16 15:34:30',NULL,'2019-09-16 15:34:30'),
('6ba2affad85411e98af2005056b6b8b0','35fd1ec9ac2d11e98af2005056b6b8b0','62febba386194ff4972fa2468401c6d1','f706dda22c9e4678bed918d3a88bb62e',1,NULL,'2019-09-16 15:34:30',NULL,'2019-09-16 15:34:30'),
('6ba2b0f2d85411e98af2005056b6b8b0','35fd1ec9ac2d11e98af2005056b6b8b0','d4b001a7b33311e98af2005056b6b8b0','0761d73199804c53a65d157ed087dee2',1,NULL,'2019-09-16 15:34:30',NULL,'2019-09-16 15:34:30'),
('6ba2b1bcd85411e98af2005056b6b8b0','35fd1ec9ac2d11e98af2005056b6b8b0','d4b001a7b33311e98af2005056b6b8b0','f706dda22c9e4678bed918d3a88bb62e',1,NULL,'2019-09-16 15:34:30',NULL,'2019-09-16 15:34:30'),
('6ba2b293d85411e98af2005056b6b8b0','35fd1ec9ac2d11e98af2005056b6b8b0','d4b001a7b33311e98af2005056b6b8b0','04080a4a59814b2aab5211fe67d44a4b',1,NULL,'2019-09-16 15:34:30',NULL,'2019-09-16 15:34:30'),
('6ba2b35cd85411e98af2005056b6b8b0','35fd1ec9ac2d11e98af2005056b6b8b0','d4b001a7b33311e98af2005056b6b8b0','d7357131c77e4d63a4c09938258d367e',1,NULL,'2019-09-16 15:34:30',NULL,'2019-09-16 15:34:30'),
('6ba2b420d85411e98af2005056b6b8b0','35fd1ec9ac2d11e98af2005056b6b8b0','d4b001a7b33311e98af2005056b6b8b0','60707b445cdd433b883be7c80821dbce',1,NULL,'2019-09-16 15:34:30',NULL,'2019-09-16 15:34:30'),
('6ba2c363d85411e98af2005056b6b8b0','35fd1ec9ac2d11e98af2005056b6b8b0','c54f14217192410398990366df7a2ef3','f706dda22c9e4678bed918d3a88bb62e',1,NULL,'2019-09-16 15:34:30',NULL,'2019-09-16 15:34:30'),
('6ba2c465d85411e98af2005056b6b8b0','35fd1ec9ac2d11e98af2005056b6b8b0','70b79619b2bc11e98af2005056b6b8b0','04080a4a59814b2aab5211fe67d44a4b',1,NULL,'2019-09-16 15:34:30',NULL,'2019-09-16 15:34:30'),
('6ba2c534d85411e98af2005056b6b8b0','35fd1ec9ac2d11e98af2005056b6b8b0','70b79619b2bc11e98af2005056b6b8b0','42748577b2c011e98af2005056b6b8b0',1,NULL,'2019-09-16 15:34:30',NULL,'2019-09-16 15:34:30'),
('6ba2c5ffd85411e98af2005056b6b8b0','35fd1ec9ac2d11e98af2005056b6b8b0','70b79619b2bc11e98af2005056b6b8b0','f706dda22c9e4678bed918d3a88bb62e',1,NULL,'2019-09-16 15:34:30',NULL,'2019-09-16 15:34:30'),
('6ba2c6c0d85411e98af2005056b6b8b0','35fd1ec9ac2d11e98af2005056b6b8b0','70b79619b2bc11e98af2005056b6b8b0','60707b445cdd433b883be7c80821dbce',1,NULL,'2019-09-16 15:34:30',NULL,'2019-09-16 15:34:30'),
('6ba2c781d85411e98af2005056b6b8b0','35fd1ec9ac2d11e98af2005056b6b8b0','70b79619b2bc11e98af2005056b6b8b0','d7357131c77e4d63a4c09938258d367e',1,NULL,'2019-09-16 15:34:30',NULL,'2019-09-16 15:34:30'),
('6ba2c836d85411e98af2005056b6b8b0','35fd1ec9ac2d11e98af2005056b6b8b0','70b79619b2bc11e98af2005056b6b8b0','0761d73199804c53a65d157ed087dee2',1,NULL,'2019-09-16 15:34:30',NULL,'2019-09-16 15:34:30'),
('6ba2c8f3d85411e98af2005056b6b8b0','35fd1ec9ac2d11e98af2005056b6b8b0','70b79619b2bc11e98af2005056b6b8b0','7ba1194cb2be11e98af2005056b6b8b0',1,NULL,'2019-09-16 15:34:30',NULL,'2019-09-16 15:34:30'),
('6ba2c99cd85411e98af2005056b6b8b0','35fd1ec9ac2d11e98af2005056b6b8b0','70b79619b2bc11e98af2005056b6b8b0','2f7b8511b2bd11e98af2005056b6b8b0',1,NULL,'2019-09-16 15:34:30',NULL,'2019-09-16 15:34:30'),
('6ba2dff0d85411e98af2005056b6b8b0','35fd1ec9ac2d11e98af2005056b6b8b0','d1b8d86ab2c811e98af2005056b6b8b0','d7357131c77e4d63a4c09938258d367e',1,NULL,'2019-09-16 15:34:30',NULL,'2019-09-16 15:34:30'),
('6ba2e0d9d85411e98af2005056b6b8b0','35fd1ec9ac2d11e98af2005056b6b8b0','d1b8d86ab2c811e98af2005056b6b8b0','60707b445cdd433b883be7c80821dbce',1,NULL,'2019-09-16 15:34:30',NULL,'2019-09-16 15:34:30'),
('6ba2e1a0d85411e98af2005056b6b8b0','35fd1ec9ac2d11e98af2005056b6b8b0','d1b8d86ab2c811e98af2005056b6b8b0','04080a4a59814b2aab5211fe67d44a4b',1,NULL,'2019-09-16 15:34:30',NULL,'2019-09-16 15:34:30'),
('6ba2e265d85411e98af2005056b6b8b0','35fd1ec9ac2d11e98af2005056b6b8b0','d1b8d86ab2c811e98af2005056b6b8b0','f706dda22c9e4678bed918d3a88bb62e',1,NULL,'2019-09-16 15:34:30',NULL,'2019-09-16 15:34:30'),
('6ba2ebedd85411e98af2005056b6b8b0','35fd1ec9ac2d11e98af2005056b6b8b0','101ea1af050643daaaf2804d27777f51','f706dda22c9e4678bed918d3a88bb62e',1,NULL,'2019-09-16 15:34:30',NULL,'2019-09-16 15:34:30'),
('6ba2ecccd85411e98af2005056b6b8b0','35fd1ec9ac2d11e98af2005056b6b8b0','c7e309e520da4b1bb16379b2341667e2','d7357131c77e4d63a4c09938258d367e',1,NULL,'2019-09-16 15:34:30',NULL,'2019-09-16 15:34:30'),
('6ba2ed87d85411e98af2005056b6b8b0','35fd1ec9ac2d11e98af2005056b6b8b0','c7e309e520da4b1bb16379b2341667e2','f706dda22c9e4678bed918d3a88bb62e',1,NULL,'2019-09-16 15:34:30',NULL,'2019-09-16 15:34:30'),
('6ba2f210d85411e98af2005056b6b8b0','35fd1ec9ac2d11e98af2005056b6b8b0','a9441ce156db46bbb579d8648f1916a1','f706dda22c9e4678bed918d3a88bb62e',1,NULL,'2019-09-16 15:34:30',NULL,'2019-09-16 15:34:30'),
('6ba2f2d4d85411e98af2005056b6b8b0','35fd1ec9ac2d11e98af2005056b6b8b0','d2e7303ae4a347539ff610060337f2aa','f706dda22c9e4678bed918d3a88bb62e',1,NULL,'2019-09-16 15:34:30',NULL,'2019-09-16 15:34:30'),
('6ba2f569d85411e98af2005056b6b8b0','35fd1ec9ac2d11e98af2005056b6b8b0','fad84aaba3734b8caf212930faa6c4ba','f706dda22c9e4678bed918d3a88bb62e',1,NULL,'2019-09-16 15:34:30',NULL,'2019-09-16 15:34:30'),
('6ba2f646d85411e98af2005056b6b8b0','35fd1ec9ac2d11e98af2005056b6b8b0','32278c7896014f35bdfac428432bde30','60707b445cdd433b883be7c80821dbce',1,NULL,'2019-09-16 15:34:30',NULL,'2019-09-16 15:34:30'),
('6ba2f703d85411e98af2005056b6b8b0','35fd1ec9ac2d11e98af2005056b6b8b0','32278c7896014f35bdfac428432bde30','f706dda22c9e4678bed918d3a88bb62e',1,NULL,'2019-09-16 15:34:30',NULL,'2019-09-16 15:34:30'),
('6ba2f7c5d85411e98af2005056b6b8b0','35fd1ec9ac2d11e98af2005056b6b8b0','32278c7896014f35bdfac428432bde30','04080a4a59814b2aab5211fe67d44a4b',1,NULL,'2019-09-16 15:34:30',NULL,'2019-09-16 15:34:30'),
('6ba2f879d85411e98af2005056b6b8b0','35fd1ec9ac2d11e98af2005056b6b8b0','32278c7896014f35bdfac428432bde30','d7357131c77e4d63a4c09938258d367e',1,NULL,'2019-09-16 15:34:30',NULL,'2019-09-16 15:34:30'),
('6ba3011bd85411e98af2005056b6b8b0','35fd1ec9ac2d11e98af2005056b6b8b0','c16c4f0892c2498daaa01efe03086ebb','f706dda22c9e4678bed918d3a88bb62e',1,NULL,'2019-09-16 15:34:30',NULL,'2019-09-16 15:34:30'),
('6ba30202d85411e98af2005056b6b8b0','35fd1ec9ac2d11e98af2005056b6b8b0','c16c4f0892c2498daaa01efe03086ebb','d7357131c77e4d63a4c09938258d367e',1,NULL,'2019-09-16 15:34:30',NULL,'2019-09-16 15:34:30'),
('6ba302c4d85411e98af2005056b6b8b0','35fd1ec9ac2d11e98af2005056b6b8b0','c16c4f0892c2498daaa01efe03086ebb','60707b445cdd433b883be7c80821dbce',1,NULL,'2019-09-16 15:34:30',NULL,'2019-09-16 15:34:30'),
('6ba30376d85411e98af2005056b6b8b0','35fd1ec9ac2d11e98af2005056b6b8b0','c16c4f0892c2498daaa01efe03086ebb','04080a4a59814b2aab5211fe67d44a4b',1,NULL,'2019-09-16 15:34:30',NULL,'2019-09-16 15:34:30'),
('6ba30bbfd85411e98af2005056b6b8b0','35fd1ec9ac2d11e98af2005056b6b8b0','1230ba2b25fb48898df9265c9e98865c','f706dda22c9e4678bed918d3a88bb62e',1,NULL,'2019-09-16 15:34:30',NULL,'2019-09-16 15:34:30'),
('6ba30c96d85411e98af2005056b6b8b0','35fd1ec9ac2d11e98af2005056b6b8b0','736c6ff708ee489a86b9e3333a3f9fa0','f706dda22c9e4678bed918d3a88bb62e',1,NULL,'2019-09-16 15:34:30',NULL,'2019-09-16 15:34:30');

/*Data for the table `sys_role_menu` */

INSERT  IGNORE `sys_role_menu`(`id`,`roleId`,`menuId`,`valid`,`creator`,`createTime`,`editor`,`editTime`) VALUES 
('6b9d46c8d85411e98af2005056b6b8b0','35fd1ec9ac2d11e98af2005056b6b8b0','2b93034c82be43cab0ed7d6f70016b4b',1,NULL,'2019-09-16 15:34:30',NULL,'2019-09-16 15:34:30'),
('6b9d4e31d85411e98af2005056b6b8b0','35fd1ec9ac2d11e98af2005056b6b8b0','5b0491afb90311e98af2005056b6b8b0',1,NULL,'2019-09-16 15:34:30',NULL,'2019-09-16 15:34:30'),
('6b9d4ec4d85411e98af2005056b6b8b0','35fd1ec9ac2d11e98af2005056b6b8b0','e732d833e5584c7caa5b57959818eaaf',1,NULL,'2019-09-16 15:34:30',NULL,'2019-09-16 15:34:30'),
('6b9d5b07d85411e98af2005056b6b8b0','35fd1ec9ac2d11e98af2005056b6b8b0','ef48237c4e604ecea798889ef5a8bf94',1,NULL,'2019-09-16 15:34:30',NULL,'2019-09-16 15:34:30'),
('6b9d66f9d85411e98af2005056b6b8b0','35fd1ec9ac2d11e98af2005056b6b8b0','58ee40f5b2c411e98af2005056b6b8b0',1,NULL,'2019-09-16 15:34:30',NULL,'2019-09-16 15:34:30'),
('6b9d6762d85411e98af2005056b6b8b0','35fd1ec9ac2d11e98af2005056b6b8b0','ebbee380b2c411e98af2005056b6b8b0',1,NULL,'2019-09-16 15:34:30',NULL,'2019-09-16 15:34:30'),
('6b9d7290d85411e98af2005056b6b8b0','35fd1ec9ac2d11e98af2005056b6b8b0','89976ce3930543f78d3f4847b68f66d0',1,NULL,'2019-09-16 15:34:30',NULL,'2019-09-16 15:34:30'),
('6b9d7b79d85411e98af2005056b6b8b0','35fd1ec9ac2d11e98af2005056b6b8b0','92e41fe5419b4cbfb814323443cbe414',1,NULL,'2019-09-16 15:34:30',NULL,'2019-09-16 15:34:30'),
('6b9d825bd85411e98af2005056b6b8b0','35fd1ec9ac2d11e98af2005056b6b8b0','010f56cfb36c11e98af2005056b6b8b0',1,NULL,'2019-09-16 15:34:30',NULL,'2019-09-16 15:34:30'),
('6b9d8cefd85411e98af2005056b6b8b0','35fd1ec9ac2d11e98af2005056b6b8b0','474c8f05b36c11e98af2005056b6b8b0',1,NULL,'2019-09-16 15:34:30',NULL,'2019-09-16 15:34:30'),
('6b9d9483d85411e98af2005056b6b8b0','35fd1ec9ac2d11e98af2005056b6b8b0','8c9aa0e060df433b8d86329ebd7dfd73',1,NULL,'2019-09-16 15:34:30',NULL,'2019-09-16 15:34:30'),
('6b9d94edd85411e98af2005056b6b8b0','35fd1ec9ac2d11e98af2005056b6b8b0','2957198fc1004e2694c16a1a83a506a3',1,NULL,'2019-09-16 15:34:30',NULL,'2019-09-16 15:34:30'),
('6b9d9d89d85411e98af2005056b6b8b0','35fd1ec9ac2d11e98af2005056b6b8b0','820f2e6969524c88bcae3bcd5dbb2a45',1,NULL,'2019-09-16 15:34:30',NULL,'2019-09-16 15:34:30'),
('6b9d9eced85411e98af2005056b6b8b0','35fd1ec9ac2d11e98af2005056b6b8b0','be5c082a83fb4e2cafaa6b6f6200b4d8',1,NULL,'2019-09-16 15:34:30',NULL,'2019-09-16 15:34:30'),
('6b9daa55d85411e98af2005056b6b8b0','35fd1ec9ac2d11e98af2005056b6b8b0','62febba386194ff4972fa2468401c6d1',1,NULL,'2019-09-16 15:34:30',NULL,'2019-09-16 15:34:30'),
('6b9daab3d85411e98af2005056b6b8b0','35fd1ec9ac2d11e98af2005056b6b8b0','d4b001a7b33311e98af2005056b6b8b0',1,NULL,'2019-09-16 15:34:30',NULL,'2019-09-16 15:34:30'),
('6b9db3b4d85411e98af2005056b6b8b0','35fd1ec9ac2d11e98af2005056b6b8b0','c54f14217192410398990366df7a2ef3',1,NULL,'2019-09-16 15:34:30',NULL,'2019-09-16 15:34:30'),
('6b9db417d85411e98af2005056b6b8b0','35fd1ec9ac2d11e98af2005056b6b8b0','70b79619b2bc11e98af2005056b6b8b0',1,NULL,'2019-09-16 15:34:30',NULL,'2019-09-16 15:34:30'),
('6b9dc1aed85411e98af2005056b6b8b0','35fd1ec9ac2d11e98af2005056b6b8b0','d1b8d86ab2c811e98af2005056b6b8b0',1,NULL,'2019-09-16 15:34:30',NULL,'2019-09-16 15:34:30'),
('6b9dc801d85411e98af2005056b6b8b0','35fd1ec9ac2d11e98af2005056b6b8b0','101ea1af050643daaaf2804d27777f51',1,NULL,'2019-09-16 15:34:30',NULL,'2019-09-16 15:34:30'),
('6b9dc862d85411e98af2005056b6b8b0','35fd1ec9ac2d11e98af2005056b6b8b0','c7e309e520da4b1bb16379b2341667e2',1,NULL,'2019-09-16 15:34:30',NULL,'2019-09-16 15:34:30'),
('6b9dcc4cd85411e98af2005056b6b8b0','35fd1ec9ac2d11e98af2005056b6b8b0','a9441ce156db46bbb579d8648f1916a1',1,NULL,'2019-09-16 15:34:30',NULL,'2019-09-16 15:34:30'),
('6b9dccc2d85411e98af2005056b6b8b0','35fd1ec9ac2d11e98af2005056b6b8b0','d2e7303ae4a347539ff610060337f2aa',1,NULL,'2019-09-16 15:34:30',NULL,'2019-09-16 15:34:30'),
('6b9dce03d85411e98af2005056b6b8b0','35fd1ec9ac2d11e98af2005056b6b8b0','fad84aaba3734b8caf212930faa6c4ba',1,NULL,'2019-09-16 15:34:30',NULL,'2019-09-16 15:34:30'),
('6b9dce69d85411e98af2005056b6b8b0','35fd1ec9ac2d11e98af2005056b6b8b0','32278c7896014f35bdfac428432bde30',1,NULL,'2019-09-16 15:34:30',NULL,'2019-09-16 15:34:30'),
('6b9dd5e1d85411e98af2005056b6b8b0','35fd1ec9ac2d11e98af2005056b6b8b0','c16c4f0892c2498daaa01efe03086ebb',1,NULL,'2019-09-16 15:34:30',NULL,'2019-09-16 15:34:30'),
('6b9ddc17d85411e98af2005056b6b8b0','35fd1ec9ac2d11e98af2005056b6b8b0','1230ba2b25fb48898df9265c9e98865c',1,NULL,'2019-09-16 15:34:30',NULL,'2019-09-16 15:34:30'),
('6b9ddc7bd85411e98af2005056b6b8b0','35fd1ec9ac2d11e98af2005056b6b8b0','736c6ff708ee489a86b9e3333a3f9fa0',1,NULL,'2019-09-16 15:34:30',NULL,'2019-09-16 15:34:30');

/*Data for the table `sys_role_rank` */

INSERT  INTO `sys_role_rank`(`id`,`CODE`,`name`,`description`,`valid`,`creator`,`createTime`,`editor`,`editTime`,`rowno`) SELECT 
'11523b6c84884b0fa98333205dd2e6d5','R10001','超级管理员',NULL,1,'admin','2019-09-05 15:31:47','admin','2019-09-05 15:31:47',10 FROM DUAL WHERE NOT EXISTS (SELECT id FROM sys_role_rank WHERE sys_role_rank.id = '11523b6c84884b0fa98333205dd2e6d5');


/*Data for the table `sys_role_user` */

INSERT  INTO `sys_role_user`(`id`,`roleId`,`userId`,`valid`,`creator`,`createTime`,`editor`,`editTime`) SELECT 
'a8bb81e4af6a11e98af2005056b6b8b0','35fd1ec9ac2d11e98af2005056b6b8b0','admin',1,'admin','2019-07-22 10:01:56','admin','2019-07-22 10:01:56' FROM DUAL WHERE NOT EXISTS (SELECT id FROM sys_role_user WHERE sys_role_user.id = 'a8bb81e4af6a11e98af2005056b6b8b0');

/*Data for the table `sys_security` */

INSERT  IGNORE `sys_security`(`id`,`validity`,`intensity`,`retries`,`password`,`rowNo`,`valid`,`creator`,`createTime`,`editor`,`editTime`,`loginLog`,`accesLog`,`operLog`,`exceLog`) values ('365ea4d6f2d64a2780574b9e0f832008',60,'aa',5,'123456',10,1,'admin','2019-07-30 18:30:40','admin','2019-07-30 18:30:40',1,1,1,1);

/*Data for the table `sys_user` */

INSERT  INTO `sys_user`(`ID`,`userid`,`password`,`name`,`mobile`,`telephone`,`mobile2`,`email`,`weixin`,`qq`,`weibo`,`employeeId`,
`keyt`,`rowNo`,`valid`,`creator`,`createTime`,`editor`,`editTime`) 
SELECT 'd17e1601af6911e98af2005056b6b8b0','admin','$2a$10$EYmS1lsGag/cj.bmNAT4WOBfztI3BTOk2qr/v/XymYFxDDLronwnm','超级管理员',
'15989595930','12345678','15269865874','123@qq.com','mona123456789','2165232521','abcdeabcdeabcdeabcdeab@163.com',
'9e93eab212914ef8980212ee2ff55ac6',NULL,10,1,'admin','2019-07-26 13:52:09','admin','2019-09-23 10:35:02' FROM DUAL 
WHERE NOT EXISTS (SELECT id FROM sys_user WHERE sys_user.id = 'd17e1601af6911e98af2005056b6b8b0');


/*Data for the table `sys_value` */

INSERT  IGNORE `sys_value`(`id`,`code`,`value`,`name`,`description`,`valid`,`creator`,`createTime`,`editor`,`editTime`,`rowno`) VALUES 
('020f398cceff11e98af2005056b6b8b0','xfz','1','部门','按部门发送',1,'admin','2019-09-04 18:33:22','admin','2019-09-04 18:33:25',20),
('2c83777407064b0d8cc7163232de31ba','loglevel','debug','debug','debug级别日志',1,'admin','2019-09-02 10:02:23','admin','2019-09-02 10:02:23',20),
('3046e13cc6094a2b9f9c6163502aa08a','loglevel','warn','warn','warn级别日志',1,'admin','2019-09-02 09:59:40','admin','2019-09-02 09:59:40',20),
('590723834c654c5783965c45f30ee1df','loglevel','error','error','error级别日志',1,'admin','2019-09-02 09:58:45','admin','2019-09-02 09:58:45',20),
('761b5030ceff11e98af2005056b6b8b0','xfz','2','角色','按角色发送',1,'admin','2019-09-04 18:34:29','admin','2019-09-04 18:34:35',20),
('7857f7d8c6ba49cf9dba4c97c94797e3','zjlb','hb','护照',NULL,1,'admin','2019-08-13 14:21:30','admin','2019-08-13 14:21:30',10),
('7b7daa57ceff11e98af2005056b6b8b0','xfz','3','个人','按个人发送',1,'admin','2019-09-04 18:34:31','admin','2019-09-04 18:34:37',20),
('82de8a14560b4b22b8fa00ed512e275d','service','task-server','task','task服务',1,'admin','2019-09-02 10:13:49','admin','2019-09-02 10:13:49',20),
('838f5e7ca0884366b7476cff586e7936','service','gateway-server','gateway','gateway服务',1,'admin','2019-09-02 10:12:20','admin','2019-09-02 10:12:20',20),
('853050b296d34102994e4926f99594f8','service','register-server','register','register服务',1,'admin','2019-09-02 10:12:59','admin','2019-09-02 10:12:59',20),
('8c2264f56ee3469a8e7e73aacc681cbf','sex','男','测试',NULL,0,'admin','2019-08-14 11:12:14','admin','2019-08-14 11:12:14',NULL),
('a00222e5920e4563b8ae6c429b755d23','service','sys-server','sys','sys服务',1,'admin','2019-09-02 10:07:55','admin','2019-09-02 10:07:55',20),
('b66df10716844a698d5d7e6c60ba16c3','loglevel','520','1234567890123456789012345678901234567890',NULL,0,'admin','2019-09-03 15:40:23','admin','2019-09-03 15:40:23',NULL),
('bedc79c8060447c1b124beb12ca2471e','loglevel','info','info','info级别日志',1,'admin','2019-09-02 10:00:54','admin','2019-09-02 10:00:54',20),
('c6011b46b9074aca950f0885d6765290','sex','321','123',NULL,0,'admin','2019-08-16 14:30:46','admin','2019-08-16 14:30:46',NULL),
('cbb85f89c2cb4191adbcca454155221c','sex','软件开发','测试',NULL,0,'admin','2019-09-02 09:30:16','admin','2019-09-02 09:30:16',NULL),
('f7b8420ecf8a11e98af2005056b6b8b0','mqmodel','fanout','广播模式','广播模式',1,'admin','2019-09-05 11:12:27','admin','2019-09-05 11:12:27',20),
('fba4a118770d4d71abca076bdf0a6590','zjlb','identity','身份证',NULL,1,'admin','2019-08-13 14:21:10','admin','2019-08-13 14:21:10',10),
('fbc88461cf8a11e98af2005056b6b8b0','mqmodel','topic','主题模式','主题模式',1,'admin','2019-09-05 11:12:30','admin','2019-09-05 11:12:30',20);

INSERT IGNORE `sys_unit` (`id`, `code`, `name`, `fullName`, `pid`, `rowNo`, `type`, `valid`, `creator`, `createTime`, `editor`, `editTime`) 
VALUES('aa902780af6f11e98af2005056b6b8b0','U0000000','集团','string',NULL,'10','1','1','admin','2019-07-26 14:36:35','admin','2019-07-26 14:36:35');

commit;
